[0.000000] (-) TimerEvent: {}
[0.000417] (explore_lite_msgs) JobQueued: {'identifier': 'explore_lite_msgs', 'dependencies': OrderedDict()}
[0.000561] (multirobot_map_merge) JobQueued: {'identifier': 'multirobot_map_merge', 'dependencies': OrderedDict()}
[0.000765] (robot_proyecto) JobQueued: {'identifier': 'robot_proyecto', 'dependencies': OrderedDict()}
[0.000873] (explore_lite) JobQueued: {'identifier': 'explore_lite', 'dependencies': OrderedDict({'explore_lite_msgs': '/home/paola/proyecto_robot/install/explore_lite_msgs'})}
[0.000987] (explore_lite_msgs) JobStarted: {'identifier': 'explore_lite_msgs'}
[0.052691] (multirobot_map_merge) JobStarted: {'identifier': 'multirobot_map_merge'}
[0.099105] (-) TimerEvent: {}
[0.105497] (robot_proyecto) JobStarted: {'identifier': 'robot_proyecto'}
[0.200434] (explore_lite_msgs) JobProgress: {'identifier': 'explore_lite_msgs', 'progress': 'cmake'}
[0.200570] (-) TimerEvent: {}
[0.200827] (explore_lite_msgs) Command: {'cmd': ['/usr/bin/cmake', '/home/paola/proyecto_robot/src/m-explore-ros2/explore_lite_msgs', '-DAMENT_CMAKE_SYMLINK_INSTALL=1', '-DCMAKE_INSTALL_PREFIX=/home/paola/proyecto_robot/install/explore_lite_msgs'], 'cwd': '/home/paola/proyecto_robot/build/explore_lite_msgs', 'env': OrderedDict({'PYTHON_BASIC_REPL': '1', 'LESSOPEN': '| /usr/bin/lesspipe %s', 'GZ_SIM_RESOURCE_PATH': '/opt/ros/jazzy/share', 'USER': 'paola', 'GZ_CONFIG_PATH': '/opt/ros/jazzy/opt/gz_sim_vendor/share/gz:/opt/ros/jazzy/opt/sdformat_vendor/share/gz:/opt/ros/jazzy/opt/gz_gui_vendor/share/gz:/opt/ros/jazzy/opt/gz_transport_vendor/share/gz:/opt/ros/jazzy/opt/gz_rendering_vendor/share/gz:/opt/ros/jazzy/opt/gz_plugin_vendor/share/gz:/opt/ros/jazzy/opt/gz_fuel_tools_vendor/share/gz:/opt/ros/jazzy/opt/gz_msgs_vendor/share/gz:/opt/ros/jazzy/opt/gz_common_vendor/share/gz', 'GIT_ASKPASS': '/home/paola/.vscode-server/bin/e4c7e7b1d6d060162f4aa7f8225271b67ce1df75/extensions/git/dist/askpass.sh', 'SHLVL': '1', 'LD_LIBRARY_PATH': '/opt/ros/jazzy/opt/gz_sim_vendor/lib:/opt/ros/jazzy/opt/gz_sensors_vendor/lib:/opt/ros/jazzy/opt/gz_physics_vendor/lib:/opt/ros/jazzy/opt/sdformat_vendor/lib:/opt/ros/jazzy/opt/rviz_ogre_vendor/lib:/opt/ros/jazzy/lib/x86_64-linux-gnu:/opt/ros/jazzy/opt/gz_gui_vendor/lib:/opt/ros/jazzy/opt/gz_transport_vendor/lib:/opt/ros/jazzy/opt/gz_rendering_vendor/lib:/opt/ros/jazzy/opt/gz_plugin_vendor/lib:/opt/ros/jazzy/opt/gz_fuel_tools_vendor/lib:/opt/ros/jazzy/opt/gz_msgs_vendor/lib:/opt/ros/jazzy/opt/gz_common_vendor/lib:/opt/ros/jazzy/opt/gz_math_vendor/lib:/opt/ros/jazzy/opt/gz_utils_vendor/lib:/opt/ros/jazzy/opt/gz_tools_vendor/lib:/opt/ros/jazzy/opt/gz_ogre_next_vendor/lib:/opt/ros/jazzy/opt/gz_dartsim_vendor/lib:/opt/ros/jazzy/opt/gz_cmake_vendor/lib:/opt/ros/jazzy/lib', 'HOME': '/home/paola', 'OLDPWD': '/home/paola/proyecto_robot', 'TERM_PROGRAM_VERSION': '1.131.0', 'VSCODE_IPC_HOOK_CLI': '/tmp/vscode-ipc-93b7701c-32f0-4318-ac18-55a3babd7074.sock', 'ROS_PYTHON_VERSION': '3', 'VSCODE_GIT_ASKPASS_MAIN': '/home/paola/.vscode-server/bin/e4c7e7b1d6d060162f4aa7f8225271b67ce1df75/extensions/git/dist/askpass-main.js', 'VSCODE_GIT_ASKPASS_NODE': '/home/paola/.vscode-server/bin/e4c7e7b1d6d060162f4aa7f8225271b67ce1df75/node', 'PYDEVD_DISABLE_FILE_VALIDATION': '1', 'BUNDLED_DEBUGPY_PATH': '/home/paola/.vscode-server/extensions/ms-python.debugpy-2026.6.0-linux-x64/bundled/libs/debugpy', 'VSCODE_PYTHON_AUTOACTIVATE_GUARD': '1', 'COLORTERM': 'truecolor', 'WSL_DISTRO_NAME': 'Ubuntu', 'ROS_DISTRO': 'jazzy', 'LOGNAME': 'paola', 'NAME': 'DESKTOP-C9CNUAF', '_': '/usr/bin/colcon', 'ROS_VERSION': '2', 'TERM': 'xterm-256color', 'PATH': '/opt/ros/jazzy/opt/gz_msgs_vendor/bin:/opt/ros/jazzy/opt/gz_tools_vendor/bin:/opt/ros/jazzy/opt/gz_ogre_next_vendor/bin:/opt/ros/jazzy/bin:/home/paola/.vscode-server/data/User/globalStorage/github.copilot-chat/debugCommand:/home/paola/.vscode-server/data/User/globalStorage/github.copilot-chat/copilotCli:/home/paola/.vscode-server/bin/e4c7e7b1d6d060162f4aa7f8225271b67ce1df75/bin/remote-cli:/usr/local/sbin:/usr/local/bin:/usr/sbin:/usr/bin:/sbin:/bin:/usr/games:/usr/local/games:/mnt/c/WINDOWS/system32:/mnt/c/WINDOWS:/mnt/c/WINDOWS/System32/Wbem:/mnt/c/WINDOWS/System32/WindowsPowerShell/v1.0/:/mnt/c/WINDOWS/System32/OpenSSH/:/mnt/c/Program Files/dotnet/:/mnt/c/Program Files (x86)/Windows Kits/10/Windows Performance Toolkit/:/mnt/c/Program Files/MATLAB/R2025b/bin:/mnt/c/Users/uwu/.local/bin:/mnt/c/Users/uwu/AppData/Local/Microsoft/WindowsApps:/mnt/c/Users/uwu/AppData/Local/Programs/Microsoft VS Code/bin:/home/paola/.vscode-server/extensions/ms-python.debugpy-2026.6.0-linux-x64/bundled/scripts/noConfigScripts', 'VSCODE_DEBUGPY_ADAPTER_ENDPOINTS': '/home/paola/.vscode-server/extensions/ms-python.debugpy-2026.6.0-linux-x64/.noConfigDebugAdapterEndpoints/endpoint-79ecb36eaea7da15.txt', 'LANG': 'en_US.UTF-8', 'PYTHONSTARTUP': '/home/paola/.vscode-server/data/User/workspaceStorage/cfd57e8d7c52e8f0bbc862210e679831/ms-python.python/pythonrc.py', 'LS_COLORS': 'rs=0:di=01;34:ln=01;36:mh=00:pi=40;33:so=01;35:do=01;35:bd=40;33;01:cd=40;33;01:or=40;31;01:mi=00:su=37;41:sg=30;43:ca=00:tw=30;42:ow=34;42:st=37;44:ex=01;32:*.tar=01;31:*.tgz=01;31:*.arc=01;31:*.arj=01;31:*.taz=01;31:*.lha=01;31:*.lz4=01;31:*.lzh=01;31:*.lzma=01;31:*.tlz=01;31:*.txz=01;31:*.tzo=01;31:*.t7z=01;31:*.zip=01;31:*.z=01;31:*.dz=01;31:*.gz=01;31:*.lrz=01;31:*.lz=01;31:*.lzo=01;31:*.xz=01;31:*.zst=01;31:*.tzst=01;31:*.bz2=01;31:*.bz=01;31:*.tbz=01;31:*.tbz2=01;31:*.tz=01;31:*.deb=01;31:*.rpm=01;31:*.jar=01;31:*.war=01;31:*.ear=01;31:*.sar=01;31:*.rar=01;31:*.alz=01;31:*.ace=01;31:*.zoo=01;31:*.cpio=01;31:*.7z=01;31:*.rz=01;31:*.cab=01;31:*.wim=01;31:*.swm=01;31:*.dwm=01;31:*.esd=01;31:*.avif=01;35:*.jpg=01;35:*.jpeg=01;35:*.mjpg=01;35:*.mjpeg=01;35:*.gif=01;35:*.bmp=01;35:*.pbm=01;35:*.pgm=01;35:*.ppm=01;35:*.tga=01;35:*.xbm=01;35:*.xpm=01;35:*.tif=01;35:*.tiff=01;35:*.png=01;35:*.svg=01;35:*.svgz=01;35:*.mng=01;35:*.pcx=01;35:*.mov=01;35:*.mpg=01;35:*.mpeg=01;35:*.m2v=01;35:*.mkv=01;35:*.webm=01;35:*.webp=01;35:*.ogm=01;35:*.mp4=01;35:*.m4v=01;35:*.mp4v=01;35:*.vob=01;35:*.qt=01;35:*.nuv=01;35:*.wmv=01;35:*.asf=01;35:*.rm=01;35:*.rmvb=01;35:*.flc=01;35:*.avi=01;35:*.fli=01;35:*.flv=01;35:*.gl=01;35:*.dl=01;35:*.xcf=01;35:*.xwd=01;35:*.yuv=01;35:*.cgm=01;35:*.emf=01;35:*.ogv=01;35:*.ogx=01;35:*.aac=00;36:*.au=00;36:*.flac=00;36:*.m4a=00;36:*.mid=00;36:*.midi=00;36:*.mka=00;36:*.mp3=00;36:*.mpc=00;36:*.ogg=00;36:*.ra=00;36:*.wav=00;36:*.oga=00;36:*.opus=00;36:*.spx=00;36:*.xspf=00;36:*~=00;90:*#=00;90:*.bak=00;90:*.crdownload=00;90:*.dpkg-dist=00;90:*.dpkg-new=00;90:*.dpkg-old=00;90:*.dpkg-tmp=00;90:*.old=00;90:*.orig=00;90:*.part=00;90:*.rej=00;90:*.rpmnew=00;90:*.rpmorig=00;90:*.rpmsave=00;90:*.swp=00;90:*.tmp=00;90:*.ucf-dist=00;90:*.ucf-new=00;90:*.ucf-old=00;90:', 'VSCODE_GIT_IPC_HANDLE': '/tmp/vscode-git-17ae9f2d4c.sock', 'TERM_PROGRAM': 'vscode', 'AMENT_PREFIX_PATH': '/opt/ros/jazzy', 'SHELL': '/bin/bash', 'LESSCLOSE': '/usr/bin/lesspipe %s %s', 'ROS_AUTOMATIC_DISCOVERY_RANGE': 'SUBNET', 'VSCODE_GIT_ASKPASS_EXTRA_ARGS': '', 'PWD': '/home/paola/proyecto_robot/build/explore_lite_msgs', 'COPILOT_DEBUG_NONCE': '1a3bbbcf88475a2624b7b109cb17b954', 'PYTHONPATH': '/opt/ros/jazzy/lib/python3.12/site-packages', 'COLCON': '1', 'HOSTTYPE': 'x86_64', 'CMAKE_PREFIX_PATH': '/opt/ros/jazzy/opt/gz_sim_vendor:/opt/ros/jazzy/opt/gz_sensors_vendor:/opt/ros/jazzy/opt/gz_physics_vendor:/opt/ros/jazzy/opt/sdformat_vendor:/opt/ros/jazzy/opt/gz_gui_vendor:/opt/ros/jazzy/opt/gz_transport_vendor:/opt/ros/jazzy/opt/gz_rendering_vendor:/opt/ros/jazzy/opt/gz_plugin_vendor:/opt/ros/jazzy/opt/gz_fuel_tools_vendor:/opt/ros/jazzy/opt/gz_msgs_vendor:/opt/ros/jazzy/opt/gz_common_vendor:/opt/ros/jazzy/opt/gz_math_vendor:/opt/ros/jazzy/opt/gz_utils_vendor:/opt/ros/jazzy/opt/gz_tools_vendor:/opt/ros/jazzy/opt/gz_ogre_next_vendor:/opt/ros/jazzy/opt/gz_dartsim_vendor:/opt/ros/jazzy/opt/gz_cmake_vendor:/opt/ros/jazzy', 'WSLENV': 'VSCODE_WSL_EXT_LOCATION/up:VSCODE_SERVER_TAR/up'}), 'shell': False}
[0.224101] (multirobot_map_merge) JobProgress: {'identifier': 'multirobot_map_merge', 'progress': 'cmake'}
[0.229110] (multirobot_map_merge) Command: {'cmd': ['/usr/bin/cmake', '/home/paola/proyecto_robot/src/m-explore-ros2/map_merge', '-DAMENT_CMAKE_SYMLINK_INSTALL=1', '-DCMAKE_INSTALL_PREFIX=/home/paola/proyecto_robot/install/multirobot_map_merge'], 'cwd': '/home/paola/proyecto_robot/build/multirobot_map_merge', 'env': OrderedDict({'PYTHON_BASIC_REPL': '1', 'LESSOPEN': '| /usr/bin/lesspipe %s', 'GZ_SIM_RESOURCE_PATH': '/opt/ros/jazzy/share', 'USER': 'paola', 'GZ_CONFIG_PATH': '/opt/ros/jazzy/opt/gz_sim_vendor/share/gz:/opt/ros/jazzy/opt/sdformat_vendor/share/gz:/opt/ros/jazzy/opt/gz_gui_vendor/share/gz:/opt/ros/jazzy/opt/gz_transport_vendor/share/gz:/opt/ros/jazzy/opt/gz_rendering_vendor/share/gz:/opt/ros/jazzy/opt/gz_plugin_vendor/share/gz:/opt/ros/jazzy/opt/gz_fuel_tools_vendor/share/gz:/opt/ros/jazzy/opt/gz_msgs_vendor/share/gz:/opt/ros/jazzy/opt/gz_common_vendor/share/gz', 'GIT_ASKPASS': '/home/paola/.vscode-server/bin/e4c7e7b1d6d060162f4aa7f8225271b67ce1df75/extensions/git/dist/askpass.sh', 'SHLVL': '1', 'LD_LIBRARY_PATH': '/opt/ros/jazzy/opt/gz_sim_vendor/lib:/opt/ros/jazzy/opt/gz_sensors_vendor/lib:/opt/ros/jazzy/opt/gz_physics_vendor/lib:/opt/ros/jazzy/opt/sdformat_vendor/lib:/opt/ros/jazzy/opt/rviz_ogre_vendor/lib:/opt/ros/jazzy/lib/x86_64-linux-gnu:/opt/ros/jazzy/opt/gz_gui_vendor/lib:/opt/ros/jazzy/opt/gz_transport_vendor/lib:/opt/ros/jazzy/opt/gz_rendering_vendor/lib:/opt/ros/jazzy/opt/gz_plugin_vendor/lib:/opt/ros/jazzy/opt/gz_fuel_tools_vendor/lib:/opt/ros/jazzy/opt/gz_msgs_vendor/lib:/opt/ros/jazzy/opt/gz_common_vendor/lib:/opt/ros/jazzy/opt/gz_math_vendor/lib:/opt/ros/jazzy/opt/gz_utils_vendor/lib:/opt/ros/jazzy/opt/gz_tools_vendor/lib:/opt/ros/jazzy/opt/gz_ogre_next_vendor/lib:/opt/ros/jazzy/opt/gz_dartsim_vendor/lib:/opt/ros/jazzy/opt/gz_cmake_vendor/lib:/opt/ros/jazzy/lib', 'HOME': '/home/paola', 'OLDPWD': '/home/paola/proyecto_robot', 'TERM_PROGRAM_VERSION': '1.131.0', 'VSCODE_IPC_HOOK_CLI': '/tmp/vscode-ipc-93b7701c-32f0-4318-ac18-55a3babd7074.sock', 'ROS_PYTHON_VERSION': '3', 'VSCODE_GIT_ASKPASS_MAIN': '/home/paola/.vscode-server/bin/e4c7e7b1d6d060162f4aa7f8225271b67ce1df75/extensions/git/dist/askpass-main.js', 'VSCODE_GIT_ASKPASS_NODE': '/home/paola/.vscode-server/bin/e4c7e7b1d6d060162f4aa7f8225271b67ce1df75/node', 'PYDEVD_DISABLE_FILE_VALIDATION': '1', 'BUNDLED_DEBUGPY_PATH': '/home/paola/.vscode-server/extensions/ms-python.debugpy-2026.6.0-linux-x64/bundled/libs/debugpy', 'VSCODE_PYTHON_AUTOACTIVATE_GUARD': '1', 'COLORTERM': 'truecolor', 'WSL_DISTRO_NAME': 'Ubuntu', 'ROS_DISTRO': 'jazzy', 'LOGNAME': 'paola', 'NAME': 'DESKTOP-C9CNUAF', '_': '/usr/bin/colcon', 'ROS_VERSION': '2', 'TERM': 'xterm-256color', 'PATH': '/opt/ros/jazzy/opt/gz_msgs_vendor/bin:/opt/ros/jazzy/opt/gz_tools_vendor/bin:/opt/ros/jazzy/opt/gz_ogre_next_vendor/bin:/opt/ros/jazzy/bin:/home/paola/.vscode-server/data/User/globalStorage/github.copilot-chat/debugCommand:/home/paola/.vscode-server/data/User/globalStorage/github.copilot-chat/copilotCli:/home/paola/.vscode-server/bin/e4c7e7b1d6d060162f4aa7f8225271b67ce1df75/bin/remote-cli:/usr/local/sbin:/usr/local/bin:/usr/sbin:/usr/bin:/sbin:/bin:/usr/games:/usr/local/games:/mnt/c/WINDOWS/system32:/mnt/c/WINDOWS:/mnt/c/WINDOWS/System32/Wbem:/mnt/c/WINDOWS/System32/WindowsPowerShell/v1.0/:/mnt/c/WINDOWS/System32/OpenSSH/:/mnt/c/Program Files/dotnet/:/mnt/c/Program Files (x86)/Windows Kits/10/Windows Performance Toolkit/:/mnt/c/Program Files/MATLAB/R2025b/bin:/mnt/c/Users/uwu/.local/bin:/mnt/c/Users/uwu/AppData/Local/Microsoft/WindowsApps:/mnt/c/Users/uwu/AppData/Local/Programs/Microsoft VS Code/bin:/home/paola/.vscode-server/extensions/ms-python.debugpy-2026.6.0-linux-x64/bundled/scripts/noConfigScripts', 'VSCODE_DEBUGPY_ADAPTER_ENDPOINTS': '/home/paola/.vscode-server/extensions/ms-python.debugpy-2026.6.0-linux-x64/.noConfigDebugAdapterEndpoints/endpoint-79ecb36eaea7da15.txt', 'LANG': 'en_US.UTF-8', 'PYTHONSTARTUP': '/home/paola/.vscode-server/data/User/workspaceStorage/cfd57e8d7c52e8f0bbc862210e679831/ms-python.python/pythonrc.py', 'LS_COLORS': 'rs=0:di=01;34:ln=01;36:mh=00:pi=40;33:so=01;35:do=01;35:bd=40;33;01:cd=40;33;01:or=40;31;01:mi=00:su=37;41:sg=30;43:ca=00:tw=30;42:ow=34;42:st=37;44:ex=01;32:*.tar=01;31:*.tgz=01;31:*.arc=01;31:*.arj=01;31:*.taz=01;31:*.lha=01;31:*.lz4=01;31:*.lzh=01;31:*.lzma=01;31:*.tlz=01;31:*.txz=01;31:*.tzo=01;31:*.t7z=01;31:*.zip=01;31:*.z=01;31:*.dz=01;31:*.gz=01;31:*.lrz=01;31:*.lz=01;31:*.lzo=01;31:*.xz=01;31:*.zst=01;31:*.tzst=01;31:*.bz2=01;31:*.bz=01;31:*.tbz=01;31:*.tbz2=01;31:*.tz=01;31:*.deb=01;31:*.rpm=01;31:*.jar=01;31:*.war=01;31:*.ear=01;31:*.sar=01;31:*.rar=01;31:*.alz=01;31:*.ace=01;31:*.zoo=01;31:*.cpio=01;31:*.7z=01;31:*.rz=01;31:*.cab=01;31:*.wim=01;31:*.swm=01;31:*.dwm=01;31:*.esd=01;31:*.avif=01;35:*.jpg=01;35:*.jpeg=01;35:*.mjpg=01;35:*.mjpeg=01;35:*.gif=01;35:*.bmp=01;35:*.pbm=01;35:*.pgm=01;35:*.ppm=01;35:*.tga=01;35:*.xbm=01;35:*.xpm=01;35:*.tif=01;35:*.tiff=01;35:*.png=01;35:*.svg=01;35:*.svgz=01;35:*.mng=01;35:*.pcx=01;35:*.mov=01;35:*.mpg=01;35:*.mpeg=01;35:*.m2v=01;35:*.mkv=01;35:*.webm=01;35:*.webp=01;35:*.ogm=01;35:*.mp4=01;35:*.m4v=01;35:*.mp4v=01;35:*.vob=01;35:*.qt=01;35:*.nuv=01;35:*.wmv=01;35:*.asf=01;35:*.rm=01;35:*.rmvb=01;35:*.flc=01;35:*.avi=01;35:*.fli=01;35:*.flv=01;35:*.gl=01;35:*.dl=01;35:*.xcf=01;35:*.xwd=01;35:*.yuv=01;35:*.cgm=01;35:*.emf=01;35:*.ogv=01;35:*.ogx=01;35:*.aac=00;36:*.au=00;36:*.flac=00;36:*.m4a=00;36:*.mid=00;36:*.midi=00;36:*.mka=00;36:*.mp3=00;36:*.mpc=00;36:*.ogg=00;36:*.ra=00;36:*.wav=00;36:*.oga=00;36:*.opus=00;36:*.spx=00;36:*.xspf=00;36:*~=00;90:*#=00;90:*.bak=00;90:*.crdownload=00;90:*.dpkg-dist=00;90:*.dpkg-new=00;90:*.dpkg-old=00;90:*.dpkg-tmp=00;90:*.old=00;90:*.orig=00;90:*.part=00;90:*.rej=00;90:*.rpmnew=00;90:*.rpmorig=00;90:*.rpmsave=00;90:*.swp=00;90:*.tmp=00;90:*.ucf-dist=00;90:*.ucf-new=00;90:*.ucf-old=00;90:', 'VSCODE_GIT_IPC_HANDLE': '/tmp/vscode-git-17ae9f2d4c.sock', 'TERM_PROGRAM': 'vscode', 'AMENT_PREFIX_PATH': '/opt/ros/jazzy', 'SHELL': '/bin/bash', 'LESSCLOSE': '/usr/bin/lesspipe %s %s', 'ROS_AUTOMATIC_DISCOVERY_RANGE': 'SUBNET', 'VSCODE_GIT_ASKPASS_EXTRA_ARGS': '', 'PWD': '/home/paola/proyecto_robot/build/multirobot_map_merge', 'COPILOT_DEBUG_NONCE': '1a3bbbcf88475a2624b7b109cb17b954', 'PYTHONPATH': '/opt/ros/jazzy/lib/python3.12/site-packages', 'COLCON': '1', 'HOSTTYPE': 'x86_64', 'CMAKE_PREFIX_PATH': '/opt/ros/jazzy/opt/gz_sim_vendor:/opt/ros/jazzy/opt/gz_sensors_vendor:/opt/ros/jazzy/opt/gz_physics_vendor:/opt/ros/jazzy/opt/sdformat_vendor:/opt/ros/jazzy/opt/gz_gui_vendor:/opt/ros/jazzy/opt/gz_transport_vendor:/opt/ros/jazzy/opt/gz_rendering_vendor:/opt/ros/jazzy/opt/gz_plugin_vendor:/opt/ros/jazzy/opt/gz_fuel_tools_vendor:/opt/ros/jazzy/opt/gz_msgs_vendor:/opt/ros/jazzy/opt/gz_common_vendor:/opt/ros/jazzy/opt/gz_math_vendor:/opt/ros/jazzy/opt/gz_utils_vendor:/opt/ros/jazzy/opt/gz_tools_vendor:/opt/ros/jazzy/opt/gz_ogre_next_vendor:/opt/ros/jazzy/opt/gz_dartsim_vendor:/opt/ros/jazzy/opt/gz_cmake_vendor:/opt/ros/jazzy', 'WSLENV': 'VSCODE_WSL_EXT_LOCATION/up:VSCODE_SERVER_TAR/up'}), 'shell': False}
[0.324471] (-) TimerEvent: {}
[0.447121] (-) TimerEvent: {}
[0.562199] (-) TimerEvent: {}
[0.596465] (explore_lite_msgs) StdoutLine: {'line': b'-- Found ament_cmake: 2.5.6 (/opt/ros/jazzy/share/ament_cmake/cmake)\n'}
[0.679578] (-) TimerEvent: {}
[0.824204] (-) TimerEvent: {}
[0.934814] (-) TimerEvent: {}
[1.060793] (-) TimerEvent: {}
[1.166544] (-) TimerEvent: {}
[1.283295] (-) TimerEvent: {}
[1.395253] (-) TimerEvent: {}
[1.511113] (-) TimerEvent: {}
[1.586065] (multirobot_map_merge) StdoutLine: {'line': b'-- Found ament_cmake: 2.5.6 (/opt/ros/jazzy/share/ament_cmake/cmake)\n'}
[1.611922] (-) TimerEvent: {}
[1.730813] (-) TimerEvent: {}
[1.844326] (-) TimerEvent: {}
[1.945642] (-) TimerEvent: {}
[2.060020] (-) TimerEvent: {}
[2.162339] (-) TimerEvent: {}
[2.281202] (-) TimerEvent: {}
[2.413966] (-) TimerEvent: {}
[2.533553] (-) TimerEvent: {}
[2.647434] (-) TimerEvent: {}
[2.771321] (-) TimerEvent: {}
[2.880208] (-) TimerEvent: {}
[2.990986] (-) TimerEvent: {}
[3.095342] (-) TimerEvent: {}
[3.213257] (-) TimerEvent: {}
[3.324116] (-) TimerEvent: {}
[3.375076] (explore_lite_msgs) StdoutLine: {'line': b'-- Found Python3: /usr/bin/python3 (found version "3.12.3") found components: Interpreter \n'}
[3.402142] (multirobot_map_merge) StdoutLine: {'line': b'-- Found Python3: /usr/bin/python3 (found version "3.12.3") found components: Interpreter \n'}
[3.432073] (-) TimerEvent: {}
[3.533565] (-) TimerEvent: {}
[3.642416] (-) TimerEvent: {}
[3.747972] (-) TimerEvent: {}
[3.869896] (-) TimerEvent: {}
[3.978071] (-) TimerEvent: {}
[4.101284] (-) TimerEvent: {}
[4.222081] (-) TimerEvent: {}
[4.331249] (-) TimerEvent: {}
[4.446494] (-) TimerEvent: {}
[4.576055] (-) TimerEvent: {}
[4.644169] (explore_lite_msgs) StdoutLine: {'line': b'-- Override CMake install command with custom implementation using symlinks instead of copying resources\n'}
[4.645015] (multirobot_map_merge) StdoutLine: {'line': b'-- Override CMake install command with custom implementation using symlinks instead of copying resources\n'}
[4.679057] (-) TimerEvent: {}
[4.809654] (-) TimerEvent: {}
[4.913323] (-) TimerEvent: {}
[5.028480] (-) TimerEvent: {}
[5.135333] (-) TimerEvent: {}
[5.243522] (-) TimerEvent: {}
[5.347526] (-) TimerEvent: {}
[5.467098] (-) TimerEvent: {}
[5.582153] (-) TimerEvent: {}
[5.694508] (-) TimerEvent: {}
[5.815529] (-) TimerEvent: {}
[5.933318] (-) TimerEvent: {}
[6.043917] (-) TimerEvent: {}
[6.162321] (-) TimerEvent: {}
[6.281321] (-) TimerEvent: {}
[6.395720] (-) TimerEvent: {}
[6.512473] (-) TimerEvent: {}
[6.627462] (-) TimerEvent: {}
[6.732011] (-) TimerEvent: {}
[6.848512] (-) TimerEvent: {}
[6.957389] (-) TimerEvent: {}
[7.069770] (-) TimerEvent: {}
[7.189348] (-) TimerEvent: {}
[7.308200] (-) TimerEvent: {}
[7.395909] (explore_lite_msgs) StdoutLine: {'line': b'-- Found rosidl_default_generators: 1.6.1 (/opt/ros/jazzy/share/rosidl_default_generators/cmake)\n'}
[7.421447] (-) TimerEvent: {}
[7.422843] (multirobot_map_merge) StdoutLine: {'line': b'-- Found rclcpp: 28.1.21 (/opt/ros/jazzy/share/rclcpp/cmake)\n'}
[7.526998] (-) TimerEvent: {}
[7.637068] (-) TimerEvent: {}
[7.750423] (-) TimerEvent: {}
[7.793381] (explore_lite_msgs) StdoutLine: {'line': b'-- Using all available rosidl_typesupport_c: rosidl_typesupport_fastrtps_c;rosidl_typesupport_introspection_c\n'}
[7.862928] (-) TimerEvent: {}
[7.980864] (-) TimerEvent: {}
[8.084413] (-) TimerEvent: {}
[8.189320] (-) TimerEvent: {}
[8.298107] (-) TimerEvent: {}
[8.412618] (-) TimerEvent: {}
[8.535063] (-) TimerEvent: {}
[8.646693] (-) TimerEvent: {}
[8.775426] (-) TimerEvent: {}
[8.878091] (-) TimerEvent: {}
[8.998743] (-) TimerEvent: {}
[9.111490] (-) TimerEvent: {}
[9.229095] (-) TimerEvent: {}
[9.345743] (-) TimerEvent: {}
[9.463138] (-) TimerEvent: {}
[9.572562] (-) TimerEvent: {}
[9.662015] (multirobot_map_merge) StdoutLine: {'line': b'-- Found rosidl_generator_c: 4.6.9 (/opt/ros/jazzy/share/rosidl_generator_c/cmake)\n'}
[9.692220] (-) TimerEvent: {}
[9.802005] (-) TimerEvent: {}
[9.911579] (-) TimerEvent: {}
[9.964097] (multirobot_map_merge) StdoutLine: {'line': b'-- Found rosidl_generator_cpp: 4.6.9 (/opt/ros/jazzy/share/rosidl_generator_cpp/cmake)\n'}
[10.012909] (-) TimerEvent: {}
[10.128831] (-) TimerEvent: {}
[10.266392] (-) TimerEvent: {}
[10.340669] (explore_lite_msgs) StdoutLine: {'line': b'-- Using all available rosidl_typesupport_cpp: rosidl_typesupport_fastrtps_cpp;rosidl_typesupport_introspection_cpp\n'}
[10.377612] (-) TimerEvent: {}
[10.481202] (-) TimerEvent: {}
[10.596743] (-) TimerEvent: {}
[10.711170] (-) TimerEvent: {}
[10.812590] (-) TimerEvent: {}
[10.914454] (multirobot_map_merge) StdoutLine: {'line': b'-- Using all available rosidl_typesupport_c: rosidl_typesupport_fastrtps_c;rosidl_typesupport_introspection_c\n'}
[10.914908] (-) TimerEvent: {}
[11.027124] (-) TimerEvent: {}
[11.142449] (-) TimerEvent: {}
[11.187023] (multirobot_map_merge) StdoutLine: {'line': b'-- Using all available rosidl_typesupport_cpp: rosidl_typesupport_fastrtps_cpp;rosidl_typesupport_introspection_cpp\n'}
[11.244424] (-) TimerEvent: {}
[11.360396] (-) TimerEvent: {}
[11.461771] (-) TimerEvent: {}
[11.573000] (-) TimerEvent: {}
[11.676486] (-) TimerEvent: {}
[11.792779] (-) TimerEvent: {}
[11.914163] (-) TimerEvent: {}
[12.030039] (-) TimerEvent: {}
[12.156507] (-) TimerEvent: {}
[12.202557] (explore_lite_msgs) StdoutLine: {'line': b'-- Found rosidl_adapter: 4.6.9 (/opt/ros/jazzy/share/rosidl_adapter/cmake)\n'}
[12.273072] (-) TimerEvent: {}
[12.385785] (-) TimerEvent: {}
[12.483464] (robot_proyecto) Command: {'cmd': ['/usr/bin/python3', '-W', 'ignore:setup.py install is deprecated', '-W', 'ignore:easy_install command is deprecated', 'setup.py', 'develop', '--editable', '--build-directory', '/home/paola/proyecto_robot/build/robot_proyecto/build', '--no-deps', 'symlink_data'], 'cwd': '/home/paola/proyecto_robot/build/robot_proyecto', 'env': {'PYTHON_BASIC_REPL': '1', 'LESSOPEN': '| /usr/bin/lesspipe %s', 'GZ_SIM_RESOURCE_PATH': '/opt/ros/jazzy/share', 'USER': 'paola', 'GZ_CONFIG_PATH': '/opt/ros/jazzy/opt/gz_sim_vendor/share/gz:/opt/ros/jazzy/opt/sdformat_vendor/share/gz:/opt/ros/jazzy/opt/gz_gui_vendor/share/gz:/opt/ros/jazzy/opt/gz_transport_vendor/share/gz:/opt/ros/jazzy/opt/gz_rendering_vendor/share/gz:/opt/ros/jazzy/opt/gz_plugin_vendor/share/gz:/opt/ros/jazzy/opt/gz_fuel_tools_vendor/share/gz:/opt/ros/jazzy/opt/gz_msgs_vendor/share/gz:/opt/ros/jazzy/opt/gz_common_vendor/share/gz', 'GIT_ASKPASS': '/home/paola/.vscode-server/bin/e4c7e7b1d6d060162f4aa7f8225271b67ce1df75/extensions/git/dist/askpass.sh', 'SHLVL': '1', 'LD_LIBRARY_PATH': '/opt/ros/jazzy/opt/gz_sim_vendor/lib:/opt/ros/jazzy/opt/gz_sensors_vendor/lib:/opt/ros/jazzy/opt/gz_physics_vendor/lib:/opt/ros/jazzy/opt/sdformat_vendor/lib:/opt/ros/jazzy/opt/rviz_ogre_vendor/lib:/opt/ros/jazzy/lib/x86_64-linux-gnu:/opt/ros/jazzy/opt/gz_gui_vendor/lib:/opt/ros/jazzy/opt/gz_transport_vendor/lib:/opt/ros/jazzy/opt/gz_rendering_vendor/lib:/opt/ros/jazzy/opt/gz_plugin_vendor/lib:/opt/ros/jazzy/opt/gz_fuel_tools_vendor/lib:/opt/ros/jazzy/opt/gz_msgs_vendor/lib:/opt/ros/jazzy/opt/gz_common_vendor/lib:/opt/ros/jazzy/opt/gz_math_vendor/lib:/opt/ros/jazzy/opt/gz_utils_vendor/lib:/opt/ros/jazzy/opt/gz_tools_vendor/lib:/opt/ros/jazzy/opt/gz_ogre_next_vendor/lib:/opt/ros/jazzy/opt/gz_dartsim_vendor/lib:/opt/ros/jazzy/opt/gz_cmake_vendor/lib:/opt/ros/jazzy/lib', 'HOME': '/home/paola', 'OLDPWD': '/home/paola/proyecto_robot', 'TERM_PROGRAM_VERSION': '1.131.0', 'VSCODE_IPC_HOOK_CLI': '/tmp/vscode-ipc-93b7701c-32f0-4318-ac18-55a3babd7074.sock', 'ROS_PYTHON_VERSION': '3', 'VSCODE_GIT_ASKPASS_MAIN': '/home/paola/.vscode-server/bin/e4c7e7b1d6d060162f4aa7f8225271b67ce1df75/extensions/git/dist/askpass-main.js', 'VSCODE_GIT_ASKPASS_NODE': '/home/paola/.vscode-server/bin/e4c7e7b1d6d060162f4aa7f8225271b67ce1df75/node', 'PYDEVD_DISABLE_FILE_VALIDATION': '1', 'BUNDLED_DEBUGPY_PATH': '/home/paola/.vscode-server/extensions/ms-python.debugpy-2026.6.0-linux-x64/bundled/libs/debugpy', 'VSCODE_PYTHON_AUTOACTIVATE_GUARD': '1', 'COLORTERM': 'truecolor', 'WSL_DISTRO_NAME': 'Ubuntu', 'ROS_DISTRO': 'jazzy', 'LOGNAME': 'paola', 'NAME': 'DESKTOP-C9CNUAF', '_': '/usr/bin/colcon', 'ROS_VERSION': '2', 'TERM': 'xterm-256color', 'PATH': '/opt/ros/jazzy/opt/gz_msgs_vendor/bin:/opt/ros/jazzy/opt/gz_tools_vendor/bin:/opt/ros/jazzy/opt/gz_ogre_next_vendor/bin:/opt/ros/jazzy/bin:/home/paola/.vscode-server/data/User/globalStorage/github.copilot-chat/debugCommand:/home/paola/.vscode-server/data/User/globalStorage/github.copilot-chat/copilotCli:/home/paola/.vscode-server/bin/e4c7e7b1d6d060162f4aa7f8225271b67ce1df75/bin/remote-cli:/usr/local/sbin:/usr/local/bin:/usr/sbin:/usr/bin:/sbin:/bin:/usr/games:/usr/local/games:/mnt/c/WINDOWS/system32:/mnt/c/WINDOWS:/mnt/c/WINDOWS/System32/Wbem:/mnt/c/WINDOWS/System32/WindowsPowerShell/v1.0/:/mnt/c/WINDOWS/System32/OpenSSH/:/mnt/c/Program Files/dotnet/:/mnt/c/Program Files (x86)/Windows Kits/10/Windows Performance Toolkit/:/mnt/c/Program Files/MATLAB/R2025b/bin:/mnt/c/Users/uwu/.local/bin:/mnt/c/Users/uwu/AppData/Local/Microsoft/WindowsApps:/mnt/c/Users/uwu/AppData/Local/Programs/Microsoft VS Code/bin:/home/paola/.vscode-server/extensions/ms-python.debugpy-2026.6.0-linux-x64/bundled/scripts/noConfigScripts', 'VSCODE_DEBUGPY_ADAPTER_ENDPOINTS': '/home/paola/.vscode-server/extensions/ms-python.debugpy-2026.6.0-linux-x64/.noConfigDebugAdapterEndpoints/endpoint-79ecb36eaea7da15.txt', 'LANG': 'en_US.UTF-8', 'PYTHONSTARTUP': '/home/paola/.vscode-server/data/User/workspaceStorage/cfd57e8d7c52e8f0bbc862210e679831/ms-python.python/pythonrc.py', 'LS_COLORS': 'rs=0:di=01;34:ln=01;36:mh=00:pi=40;33:so=01;35:do=01;35:bd=40;33;01:cd=40;33;01:or=40;31;01:mi=00:su=37;41:sg=30;43:ca=00:tw=30;42:ow=34;42:st=37;44:ex=01;32:*.tar=01;31:*.tgz=01;31:*.arc=01;31:*.arj=01;31:*.taz=01;31:*.lha=01;31:*.lz4=01;31:*.lzh=01;31:*.lzma=01;31:*.tlz=01;31:*.txz=01;31:*.tzo=01;31:*.t7z=01;31:*.zip=01;31:*.z=01;31:*.dz=01;31:*.gz=01;31:*.lrz=01;31:*.lz=01;31:*.lzo=01;31:*.xz=01;31:*.zst=01;31:*.tzst=01;31:*.bz2=01;31:*.bz=01;31:*.tbz=01;31:*.tbz2=01;31:*.tz=01;31:*.deb=01;31:*.rpm=01;31:*.jar=01;31:*.war=01;31:*.ear=01;31:*.sar=01;31:*.rar=01;31:*.alz=01;31:*.ace=01;31:*.zoo=01;31:*.cpio=01;31:*.7z=01;31:*.rz=01;31:*.cab=01;31:*.wim=01;31:*.swm=01;31:*.dwm=01;31:*.esd=01;31:*.avif=01;35:*.jpg=01;35:*.jpeg=01;35:*.mjpg=01;35:*.mjpeg=01;35:*.gif=01;35:*.bmp=01;35:*.pbm=01;35:*.pgm=01;35:*.ppm=01;35:*.tga=01;35:*.xbm=01;35:*.xpm=01;35:*.tif=01;35:*.tiff=01;35:*.png=01;35:*.svg=01;35:*.svgz=01;35:*.mng=01;35:*.pcx=01;35:*.mov=01;35:*.mpg=01;35:*.mpeg=01;35:*.m2v=01;35:*.mkv=01;35:*.webm=01;35:*.webp=01;35:*.ogm=01;35:*.mp4=01;35:*.m4v=01;35:*.mp4v=01;35:*.vob=01;35:*.qt=01;35:*.nuv=01;35:*.wmv=01;35:*.asf=01;35:*.rm=01;35:*.rmvb=01;35:*.flc=01;35:*.avi=01;35:*.fli=01;35:*.flv=01;35:*.gl=01;35:*.dl=01;35:*.xcf=01;35:*.xwd=01;35:*.yuv=01;35:*.cgm=01;35:*.emf=01;35:*.ogv=01;35:*.ogx=01;35:*.aac=00;36:*.au=00;36:*.flac=00;36:*.m4a=00;36:*.mid=00;36:*.midi=00;36:*.mka=00;36:*.mp3=00;36:*.mpc=00;36:*.ogg=00;36:*.ra=00;36:*.wav=00;36:*.oga=00;36:*.opus=00;36:*.spx=00;36:*.xspf=00;36:*~=00;90:*#=00;90:*.bak=00;90:*.crdownload=00;90:*.dpkg-dist=00;90:*.dpkg-new=00;90:*.dpkg-old=00;90:*.dpkg-tmp=00;90:*.old=00;90:*.orig=00;90:*.part=00;90:*.rej=00;90:*.rpmnew=00;90:*.rpmorig=00;90:*.rpmsave=00;90:*.swp=00;90:*.tmp=00;90:*.ucf-dist=00;90:*.ucf-new=00;90:*.ucf-old=00;90:', 'VSCODE_GIT_IPC_HANDLE': '/tmp/vscode-git-17ae9f2d4c.sock', 'TERM_PROGRAM': 'vscode', 'AMENT_PREFIX_PATH': '/opt/ros/jazzy', 'SHELL': '/bin/bash', 'LESSCLOSE': '/usr/bin/lesspipe %s %s', 'ROS_AUTOMATIC_DISCOVERY_RANGE': 'SUBNET', 'VSCODE_GIT_ASKPASS_EXTRA_ARGS': '', 'PWD': '/home/paola/proyecto_robot/build/robot_proyecto', 'COPILOT_DEBUG_NONCE': '1a3bbbcf88475a2624b7b109cb17b954', 'PYTHONPATH': '/home/paola/proyecto_robot/build/robot_proyecto/prefix_override:/usr/lib/python3/dist-packages/colcon_core/task/python/colcon_distutils_commands:/home/paola/proyecto_robot/install/robot_proyecto/lib/python3.12/site-packages:/opt/ros/jazzy/lib/python3.12/site-packages', 'COLCON': '1', 'HOSTTYPE': 'x86_64', 'CMAKE_PREFIX_PATH': '/opt/ros/jazzy/opt/gz_sim_vendor:/opt/ros/jazzy/opt/gz_sensors_vendor:/opt/ros/jazzy/opt/gz_physics_vendor:/opt/ros/jazzy/opt/sdformat_vendor:/opt/ros/jazzy/opt/gz_gui_vendor:/opt/ros/jazzy/opt/gz_transport_vendor:/opt/ros/jazzy/opt/gz_rendering_vendor:/opt/ros/jazzy/opt/gz_plugin_vendor:/opt/ros/jazzy/opt/gz_fuel_tools_vendor:/opt/ros/jazzy/opt/gz_msgs_vendor:/opt/ros/jazzy/opt/gz_common_vendor:/opt/ros/jazzy/opt/gz_math_vendor:/opt/ros/jazzy/opt/gz_utils_vendor:/opt/ros/jazzy/opt/gz_tools_vendor:/opt/ros/jazzy/opt/gz_ogre_next_vendor:/opt/ros/jazzy/opt/gz_dartsim_vendor:/opt/ros/jazzy/opt/gz_cmake_vendor', 'WSLENV': 'VSCODE_WSL_EXT_LOCATION/up:VSCODE_SERVER_TAR/up'}, 'shell': False}
[12.490065] (-) TimerEvent: {}
[12.593089] (-) TimerEvent: {}
[12.695089] (-) TimerEvent: {}
[12.824774] (-) TimerEvent: {}
[12.943020] (-) TimerEvent: {}
[13.049430] (-) TimerEvent: {}
[13.161843] (-) TimerEvent: {}
[13.276046] (-) TimerEvent: {}
[13.382081] (-) TimerEvent: {}
[13.489727] (-) TimerEvent: {}
[13.597014] (-) TimerEvent: {}
[13.709167] (-) TimerEvent: {}
[13.832828] (-) TimerEvent: {}
[13.964800] (-) TimerEvent: {}
[14.077793] (-) TimerEvent: {}
[14.189900] (-) TimerEvent: {}
[14.301330] (-) TimerEvent: {}
[14.412920] (-) TimerEvent: {}
[14.535093] (-) TimerEvent: {}
[14.645898] (-) TimerEvent: {}
[14.752232] (-) TimerEvent: {}
[14.847980] (robot_proyecto) StdoutLine: {'line': b'running develop\n'}
[14.868125] (-) TimerEvent: {}
[14.976430] (-) TimerEvent: {}
[15.045086] (multirobot_map_merge) StdoutLine: {'line': b'-- Found rmw_implementation_cmake: 7.3.3 (/opt/ros/jazzy/share/rmw_implementation_cmake/cmake)\n'}
[15.085627] (-) TimerEvent: {}
[15.200527] (-) TimerEvent: {}
[15.333475] (-) TimerEvent: {}
[15.335308] (multirobot_map_merge) StdoutLine: {'line': b'-- Found rmw_fastrtps_cpp: 8.4.4 (/opt/ros/jazzy/share/rmw_fastrtps_cpp/cmake)\n'}
[15.451190] (-) TimerEvent: {}
[15.560140] (-) TimerEvent: {}
[15.667215] (-) TimerEvent: {}
[15.773249] (-) TimerEvent: {}
[15.877587] (-) TimerEvent: {}
[15.994481] (-) TimerEvent: {}
[16.109885] (-) TimerEvent: {}
[16.218306] (-) TimerEvent: {}
[16.352380] (-) TimerEvent: {}
[16.460921] (-) TimerEvent: {}
[16.568517] (-) TimerEvent: {}
[16.688917] (-) TimerEvent: {}
[16.755590] (robot_proyecto) StdoutLine: {'line': b'running egg_info\n'}
[16.808317] (-) TimerEvent: {}
[16.894493] (robot_proyecto) StdoutLine: {'line': b'writing robot_proyecto.egg-info/PKG-INFO\n'}
[16.895241] (robot_proyecto) StdoutLine: {'line': b'writing dependency_links to robot_proyecto.egg-info/dependency_links.txt\n'}
[16.896934] (robot_proyecto) StdoutLine: {'line': b'writing entry points to robot_proyecto.egg-info/entry_points.txt\n'}
[16.914893] (robot_proyecto) StdoutLine: {'line': b'writing requirements to robot_proyecto.egg-info/requires.txt\n'}
[16.915375] (-) TimerEvent: {}
[16.915616] (robot_proyecto) StdoutLine: {'line': b'writing top-level names to robot_proyecto.egg-info/top_level.txt\n'}
[16.951976] (explore_lite_msgs) StdoutLine: {'line': b'-- Found ament_cmake_ros: 0.12.1 (/opt/ros/jazzy/share/ament_cmake_ros/cmake)\n'}
[17.028374] (-) TimerEvent: {}
[17.138156] (-) TimerEvent: {}
[17.236144] (robot_proyecto) StdoutLine: {'line': b"reading manifest file 'robot_proyecto.egg-info/SOURCES.txt'\n"}
[17.241800] (-) TimerEvent: {}
[17.301073] (robot_proyecto) StdoutLine: {'line': b"writing manifest file 'robot_proyecto.egg-info/SOURCES.txt'\n"}
[17.348653] (-) TimerEvent: {}
[17.462202] (-) TimerEvent: {}
[17.495569] (robot_proyecto) StdoutLine: {'line': b'running build_ext\n'}
[17.496365] (robot_proyecto) StdoutLine: {'line': b'Creating /home/paola/proyecto_robot/install/robot_proyecto/lib/python3.12/site-packages/robot-proyecto.egg-link (link to .)\n'}
[17.501219] (robot_proyecto) StdoutLine: {'line': b'Installing odom_tf_publisher script to /home/paola/proyecto_robot/install/robot_proyecto/lib/robot_proyecto\n'}
[17.502062] (robot_proyecto) StdoutLine: {'line': b'\n'}
[17.502432] (robot_proyecto) StdoutLine: {'line': b'Installed /home/paola/proyecto_robot/build/robot_proyecto\n'}
[17.502729] (robot_proyecto) StdoutLine: {'line': b'running symlink_data\n'}
[17.582201] (-) TimerEvent: {}
[17.606793] (robot_proyecto) CommandEnded: {'returncode': 0}
[17.682656] (robot_proyecto) JobEnded: {'identifier': 'robot_proyecto', 'rc': 0}
[17.684375] (-) TimerEvent: {}
[17.795684] (-) TimerEvent: {}
[17.907153] (-) TimerEvent: {}
[18.011457] (-) TimerEvent: {}
[18.126493] (-) TimerEvent: {}
[18.228074] (-) TimerEvent: {}
[18.357666] (-) TimerEvent: {}
[18.465192] (-) TimerEvent: {}
[18.577263] (-) TimerEvent: {}
[18.693062] (-) TimerEvent: {}
[18.808425] (-) TimerEvent: {}
[18.914871] (-) TimerEvent: {}
[19.003737] (multirobot_map_merge) StdoutLine: {'line': b'-- Found OpenSSL: /usr/lib/x86_64-linux-gnu/libcrypto.so (found version "3.0.13")  \n'}
[19.027706] (-) TimerEvent: {}
[19.146250] (-) TimerEvent: {}
[19.261615] (-) TimerEvent: {}
[19.359071] (multirobot_map_merge) StdoutLine: {'line': b'-- Found FastRTPS: /opt/ros/jazzy/include (Required is at least version "2.13") \n'}
[19.379702] (-) TimerEvent: {}
[19.493530] (-) TimerEvent: {}
[19.598751] (-) TimerEvent: {}
[19.660401] (multirobot_map_merge) StdoutLine: {'line': b"-- Using RMW implementation 'rmw_fastrtps_cpp' as default\n"}
[19.712362] (-) TimerEvent: {}
[19.832438] (-) TimerEvent: {}
[19.946627] (-) TimerEvent: {}
[20.062425] (-) TimerEvent: {}
[20.180357] (-) TimerEvent: {}
[20.305811] (-) TimerEvent: {}
[20.426878] (-) TimerEvent: {}
[20.541400] (-) TimerEvent: {}
[20.659089] (-) TimerEvent: {}
[20.765430] (-) TimerEvent: {}
[20.878168] (-) TimerEvent: {}
[20.991624] (-) TimerEvent: {}
[21.092924] (-) TimerEvent: {}
[21.099251] (explore_lite_msgs) StdoutLine: {'line': b'-- Using all available rosidl_typesupport_c: rosidl_typesupport_fastrtps_c;rosidl_typesupport_introspection_c\n'}
[21.196391] (-) TimerEvent: {}
[21.309937] (-) TimerEvent: {}
[21.431286] (-) TimerEvent: {}
[21.544686] (-) TimerEvent: {}
[21.656535] (-) TimerEvent: {}
[21.764224] (-) TimerEvent: {}
[21.876208] (-) TimerEvent: {}
[21.978059] (-) TimerEvent: {}
[22.084702] (-) TimerEvent: {}
[22.194499] (-) TimerEvent: {}
[22.310540] (-) TimerEvent: {}
[22.429437] (-) TimerEvent: {}
[22.543728] (-) TimerEvent: {}
[22.646726] (-) TimerEvent: {}
[22.763549] (-) TimerEvent: {}
[22.889735] (-) TimerEvent: {}
[23.011954] (-) TimerEvent: {}
[23.124474] (-) TimerEvent: {}
[23.164723] (multirobot_map_merge) StdoutLine: {'line': b'-- Found geometry_msgs: 5.3.8 (/opt/ros/jazzy/share/geometry_msgs/cmake)\n'}
[23.246575] (-) TimerEvent: {}
[23.359177] (-) TimerEvent: {}
[23.465285] (-) TimerEvent: {}
[23.580350] (-) TimerEvent: {}
[23.705926] (-) TimerEvent: {}
[23.817744] (-) TimerEvent: {}
[23.945614] (-) TimerEvent: {}
[24.060168] (-) TimerEvent: {}
[24.175532] (-) TimerEvent: {}
[24.290043] (-) TimerEvent: {}
[24.404401] (-) TimerEvent: {}
[24.524017] (-) TimerEvent: {}
[24.657666] (-) TimerEvent: {}
[24.761429] (-) TimerEvent: {}
[24.862341] (-) TimerEvent: {}
[24.940079] (multirobot_map_merge) StdoutLine: {'line': b'-- Found image_geometry: 4.1.0 (/opt/ros/jazzy/share/image_geometry/cmake)\n'}
[24.976476] (-) TimerEvent: {}
[25.101680] (-) TimerEvent: {}
[25.208767] (-) TimerEvent: {}
[25.313238] (-) TimerEvent: {}
[25.319779] (explore_lite_msgs) StdoutLine: {'line': b'-- Using all available rosidl_typesupport_cpp: rosidl_typesupport_fastrtps_cpp;rosidl_typesupport_introspection_cpp\n'}
[25.428898] (-) TimerEvent: {}
[25.460910] (explore_lite_msgs) StdoutLine: {'line': b'-- Found python_cmake_module: 0.11.1 (/opt/ros/jazzy/share/python_cmake_module/cmake)\n'}
[25.544859] (-) TimerEvent: {}
[25.662095] (-) TimerEvent: {}
[25.777044] (-) TimerEvent: {}
[25.882991] (-) TimerEvent: {}
[25.993417] (-) TimerEvent: {}
[26.094237] (-) TimerEvent: {}
[26.221091] (-) TimerEvent: {}
[26.322179] (multirobot_map_merge) StdoutLine: {'line': b'-- Found map_msgs: 2.4.1 (/opt/ros/jazzy/share/map_msgs/cmake)\n'}
[26.322599] (-) TimerEvent: {}
[26.441995] (-) TimerEvent: {}
[26.516603] (explore_lite_msgs) StdoutLine: {'line': b'-- Found PythonExtra: /usr/bin/python3  \n'}
[26.564442] (-) TimerEvent: {}
[26.683050] (-) TimerEvent: {}
[26.814088] (-) TimerEvent: {}
[26.928511] (-) TimerEvent: {}
[27.045317] (-) TimerEvent: {}
[27.162727] (-) TimerEvent: {}
[27.297492] (-) TimerEvent: {}
[27.415198] (-) TimerEvent: {}
[27.525797] (-) TimerEvent: {}
[27.645735] (-) TimerEvent: {}
[27.764110] (-) TimerEvent: {}
[27.877485] (-) TimerEvent: {}
[27.992919] (-) TimerEvent: {}
[28.112619] (-) TimerEvent: {}
[28.245132] (-) TimerEvent: {}
[28.270235] (multirobot_map_merge) StdoutLine: {'line': b'-- Found tf2_geometry_msgs: 0.36.21 (/opt/ros/jazzy/share/tf2_geometry_msgs/cmake)\n'}
[28.360732] (-) TimerEvent: {}
[28.478159] (-) TimerEvent: {}
[28.591960] (-) TimerEvent: {}
[28.693655] (-) TimerEvent: {}
[28.809498] (-) TimerEvent: {}
[28.915282] (-) TimerEvent: {}
[28.948963] (multirobot_map_merge) StdoutLine: {'line': b'-- Found eigen3_cmake_module: 0.3.1 (/opt/ros/jazzy/share/eigen3_cmake_module/cmake)\n'}
[29.015802] (multirobot_map_merge) StdoutLine: {'line': b'-- Found Eigen3: TRUE (found version "3.4.0") \n'}
[29.016280] (-) TimerEvent: {}
[29.016561] (multirobot_map_merge) StdoutLine: {'line': b'-- Ensuring Eigen3 include directory is part of orocos-kdl CMake target\n'}
[29.121230] (-) TimerEvent: {}
[29.236128] (-) TimerEvent: {}
[29.333723] (explore_lite_msgs) StdoutLine: {'line': b'-- Found Python3: /usr/bin/python3 (found version "3.12.3") found components: Interpreter Development NumPy Development.Module Development.Embed \n'}
[29.342862] (-) TimerEvent: {}
[29.458778] (-) TimerEvent: {}
[29.578774] (-) TimerEvent: {}
[29.692559] (-) TimerEvent: {}
[29.794316] (-) TimerEvent: {}
[29.903451] (-) TimerEvent: {}
[29.984217] (explore_lite_msgs) StdoutLine: {'line': b'-- Found Python3: /usr/bin/python3 (found version "3.12.3") found components: Interpreter \n'}
[30.013365] (-) TimerEvent: {}
[30.130911] (-) TimerEvent: {}
[30.249529] (-) TimerEvent: {}
[30.382529] (-) TimerEvent: {}
[30.486363] (-) TimerEvent: {}
[30.596877] (-) TimerEvent: {}
[30.704589] (-) TimerEvent: {}
[30.809632] (-) TimerEvent: {}
[30.922948] (-) TimerEvent: {}
[31.034192] (-) TimerEvent: {}
[31.146463] (-) TimerEvent: {}
[31.186947] (explore_lite_msgs) StdoutLine: {'line': b'-- Configuring done (30.8s)\n'}
[31.266045] (-) TimerEvent: {}
[31.379927] (-) TimerEvent: {}
[31.532772] (-) TimerEvent: {}
[31.673556] (-) TimerEvent: {}
[31.796428] (-) TimerEvent: {}
[31.922394] (-) TimerEvent: {}
[32.067394] (-) TimerEvent: {}
[32.203256] (explore_lite_msgs) StdoutLine: {'line': b'-- Generating done (1.0s)\n'}
[32.203671] (-) TimerEvent: {}
[32.318990] (-) TimerEvent: {}
[32.427057] (-) TimerEvent: {}
[32.535221] (-) TimerEvent: {}
[32.650691] (-) TimerEvent: {}
[32.754848] (-) TimerEvent: {}
[32.858592] (-) TimerEvent: {}
[32.977711] (-) TimerEvent: {}
[33.086609] (-) TimerEvent: {}
[33.150595] (explore_lite_msgs) StdoutLine: {'line': b'-- Build files have been written to: /home/paola/proyecto_robot/build/explore_lite_msgs\n'}
[33.178427] (explore_lite_msgs) CommandEnded: {'returncode': 0}
[33.181902] (explore_lite_msgs) JobProgress: {'identifier': 'explore_lite_msgs', 'progress': 'build'}
[33.185287] (explore_lite_msgs) Command: {'cmd': ['/usr/bin/cmake', '--build', '/home/paola/proyecto_robot/build/explore_lite_msgs', '--', '-j8', '-l8'], 'cwd': '/home/paola/proyecto_robot/build/explore_lite_msgs', 'env': OrderedDict({'PYTHON_BASIC_REPL': '1', 'LESSOPEN': '| /usr/bin/lesspipe %s', 'GZ_SIM_RESOURCE_PATH': '/opt/ros/jazzy/share', 'USER': 'paola', 'GZ_CONFIG_PATH': '/opt/ros/jazzy/opt/gz_sim_vendor/share/gz:/opt/ros/jazzy/opt/sdformat_vendor/share/gz:/opt/ros/jazzy/opt/gz_gui_vendor/share/gz:/opt/ros/jazzy/opt/gz_transport_vendor/share/gz:/opt/ros/jazzy/opt/gz_rendering_vendor/share/gz:/opt/ros/jazzy/opt/gz_plugin_vendor/share/gz:/opt/ros/jazzy/opt/gz_fuel_tools_vendor/share/gz:/opt/ros/jazzy/opt/gz_msgs_vendor/share/gz:/opt/ros/jazzy/opt/gz_common_vendor/share/gz', 'GIT_ASKPASS': '/home/paola/.vscode-server/bin/e4c7e7b1d6d060162f4aa7f8225271b67ce1df75/extensions/git/dist/askpass.sh', 'SHLVL': '1', 'LD_LIBRARY_PATH': '/opt/ros/jazzy/opt/gz_sim_vendor/lib:/opt/ros/jazzy/opt/gz_sensors_vendor/lib:/opt/ros/jazzy/opt/gz_physics_vendor/lib:/opt/ros/jazzy/opt/sdformat_vendor/lib:/opt/ros/jazzy/opt/rviz_ogre_vendor/lib:/opt/ros/jazzy/lib/x86_64-linux-gnu:/opt/ros/jazzy/opt/gz_gui_vendor/lib:/opt/ros/jazzy/opt/gz_transport_vendor/lib:/opt/ros/jazzy/opt/gz_rendering_vendor/lib:/opt/ros/jazzy/opt/gz_plugin_vendor/lib:/opt/ros/jazzy/opt/gz_fuel_tools_vendor/lib:/opt/ros/jazzy/opt/gz_msgs_vendor/lib:/opt/ros/jazzy/opt/gz_common_vendor/lib:/opt/ros/jazzy/opt/gz_math_vendor/lib:/opt/ros/jazzy/opt/gz_utils_vendor/lib:/opt/ros/jazzy/opt/gz_tools_vendor/lib:/opt/ros/jazzy/opt/gz_ogre_next_vendor/lib:/opt/ros/jazzy/opt/gz_dartsim_vendor/lib:/opt/ros/jazzy/opt/gz_cmake_vendor/lib:/opt/ros/jazzy/lib', 'HOME': '/home/paola', 'OLDPWD': '/home/paola/proyecto_robot', 'TERM_PROGRAM_VERSION': '1.131.0', 'VSCODE_IPC_HOOK_CLI': '/tmp/vscode-ipc-93b7701c-32f0-4318-ac18-55a3babd7074.sock', 'ROS_PYTHON_VERSION': '3', 'VSCODE_GIT_ASKPASS_MAIN': '/home/paola/.vscode-server/bin/e4c7e7b1d6d060162f4aa7f8225271b67ce1df75/extensions/git/dist/askpass-main.js', 'VSCODE_GIT_ASKPASS_NODE': '/home/paola/.vscode-server/bin/e4c7e7b1d6d060162f4aa7f8225271b67ce1df75/node', 'PYDEVD_DISABLE_FILE_VALIDATION': '1', 'BUNDLED_DEBUGPY_PATH': '/home/paola/.vscode-server/extensions/ms-python.debugpy-2026.6.0-linux-x64/bundled/libs/debugpy', 'VSCODE_PYTHON_AUTOACTIVATE_GUARD': '1', 'COLORTERM': 'truecolor', 'WSL_DISTRO_NAME': 'Ubuntu', 'ROS_DISTRO': 'jazzy', 'LOGNAME': 'paola', 'NAME': 'DESKTOP-C9CNUAF', '_': '/usr/bin/colcon', 'ROS_VERSION': '2', 'TERM': 'xterm-256color', 'PATH': '/opt/ros/jazzy/opt/gz_msgs_vendor/bin:/opt/ros/jazzy/opt/gz_tools_vendor/bin:/opt/ros/jazzy/opt/gz_ogre_next_vendor/bin:/opt/ros/jazzy/bin:/home/paola/.vscode-server/data/User/globalStorage/github.copilot-chat/debugCommand:/home/paola/.vscode-server/data/User/globalStorage/github.copilot-chat/copilotCli:/home/paola/.vscode-server/bin/e4c7e7b1d6d060162f4aa7f8225271b67ce1df75/bin/remote-cli:/usr/local/sbin:/usr/local/bin:/usr/sbin:/usr/bin:/sbin:/bin:/usr/games:/usr/local/games:/mnt/c/WINDOWS/system32:/mnt/c/WINDOWS:/mnt/c/WINDOWS/System32/Wbem:/mnt/c/WINDOWS/System32/WindowsPowerShell/v1.0/:/mnt/c/WINDOWS/System32/OpenSSH/:/mnt/c/Program Files/dotnet/:/mnt/c/Program Files (x86)/Windows Kits/10/Windows Performance Toolkit/:/mnt/c/Program Files/MATLAB/R2025b/bin:/mnt/c/Users/uwu/.local/bin:/mnt/c/Users/uwu/AppData/Local/Microsoft/WindowsApps:/mnt/c/Users/uwu/AppData/Local/Programs/Microsoft VS Code/bin:/home/paola/.vscode-server/extensions/ms-python.debugpy-2026.6.0-linux-x64/bundled/scripts/noConfigScripts', 'VSCODE_DEBUGPY_ADAPTER_ENDPOINTS': '/home/paola/.vscode-server/extensions/ms-python.debugpy-2026.6.0-linux-x64/.noConfigDebugAdapterEndpoints/endpoint-79ecb36eaea7da15.txt', 'LANG': 'en_US.UTF-8', 'PYTHONSTARTUP': '/home/paola/.vscode-server/data/User/workspaceStorage/cfd57e8d7c52e8f0bbc862210e679831/ms-python.python/pythonrc.py', 'LS_COLORS': 'rs=0:di=01;34:ln=01;36:mh=00:pi=40;33:so=01;35:do=01;35:bd=40;33;01:cd=40;33;01:or=40;31;01:mi=00:su=37;41:sg=30;43:ca=00:tw=30;42:ow=34;42:st=37;44:ex=01;32:*.tar=01;31:*.tgz=01;31:*.arc=01;31:*.arj=01;31:*.taz=01;31:*.lha=01;31:*.lz4=01;31:*.lzh=01;31:*.lzma=01;31:*.tlz=01;31:*.txz=01;31:*.tzo=01;31:*.t7z=01;31:*.zip=01;31:*.z=01;31:*.dz=01;31:*.gz=01;31:*.lrz=01;31:*.lz=01;31:*.lzo=01;31:*.xz=01;31:*.zst=01;31:*.tzst=01;31:*.bz2=01;31:*.bz=01;31:*.tbz=01;31:*.tbz2=01;31:*.tz=01;31:*.deb=01;31:*.rpm=01;31:*.jar=01;31:*.war=01;31:*.ear=01;31:*.sar=01;31:*.rar=01;31:*.alz=01;31:*.ace=01;31:*.zoo=01;31:*.cpio=01;31:*.7z=01;31:*.rz=01;31:*.cab=01;31:*.wim=01;31:*.swm=01;31:*.dwm=01;31:*.esd=01;31:*.avif=01;35:*.jpg=01;35:*.jpeg=01;35:*.mjpg=01;35:*.mjpeg=01;35:*.gif=01;35:*.bmp=01;35:*.pbm=01;35:*.pgm=01;35:*.ppm=01;35:*.tga=01;35:*.xbm=01;35:*.xpm=01;35:*.tif=01;35:*.tiff=01;35:*.png=01;35:*.svg=01;35:*.svgz=01;35:*.mng=01;35:*.pcx=01;35:*.mov=01;35:*.mpg=01;35:*.mpeg=01;35:*.m2v=01;35:*.mkv=01;35:*.webm=01;35:*.webp=01;35:*.ogm=01;35:*.mp4=01;35:*.m4v=01;35:*.mp4v=01;35:*.vob=01;35:*.qt=01;35:*.nuv=01;35:*.wmv=01;35:*.asf=01;35:*.rm=01;35:*.rmvb=01;35:*.flc=01;35:*.avi=01;35:*.fli=01;35:*.flv=01;35:*.gl=01;35:*.dl=01;35:*.xcf=01;35:*.xwd=01;35:*.yuv=01;35:*.cgm=01;35:*.emf=01;35:*.ogv=01;35:*.ogx=01;35:*.aac=00;36:*.au=00;36:*.flac=00;36:*.m4a=00;36:*.mid=00;36:*.midi=00;36:*.mka=00;36:*.mp3=00;36:*.mpc=00;36:*.ogg=00;36:*.ra=00;36:*.wav=00;36:*.oga=00;36:*.opus=00;36:*.spx=00;36:*.xspf=00;36:*~=00;90:*#=00;90:*.bak=00;90:*.crdownload=00;90:*.dpkg-dist=00;90:*.dpkg-new=00;90:*.dpkg-old=00;90:*.dpkg-tmp=00;90:*.old=00;90:*.orig=00;90:*.part=00;90:*.rej=00;90:*.rpmnew=00;90:*.rpmorig=00;90:*.rpmsave=00;90:*.swp=00;90:*.tmp=00;90:*.ucf-dist=00;90:*.ucf-new=00;90:*.ucf-old=00;90:', 'VSCODE_GIT_IPC_HANDLE': '/tmp/vscode-git-17ae9f2d4c.sock', 'TERM_PROGRAM': 'vscode', 'AMENT_PREFIX_PATH': '/opt/ros/jazzy', 'SHELL': '/bin/bash', 'LESSCLOSE': '/usr/bin/lesspipe %s %s', 'ROS_AUTOMATIC_DISCOVERY_RANGE': 'SUBNET', 'VSCODE_GIT_ASKPASS_EXTRA_ARGS': '', 'PWD': '/home/paola/proyecto_robot/build/explore_lite_msgs', 'COPILOT_DEBUG_NONCE': '1a3bbbcf88475a2624b7b109cb17b954', 'PYTHONPATH': '/opt/ros/jazzy/lib/python3.12/site-packages', 'COLCON': '1', 'HOSTTYPE': 'x86_64', 'CMAKE_PREFIX_PATH': '/opt/ros/jazzy/opt/gz_sim_vendor:/opt/ros/jazzy/opt/gz_sensors_vendor:/opt/ros/jazzy/opt/gz_physics_vendor:/opt/ros/jazzy/opt/sdformat_vendor:/opt/ros/jazzy/opt/gz_gui_vendor:/opt/ros/jazzy/opt/gz_transport_vendor:/opt/ros/jazzy/opt/gz_rendering_vendor:/opt/ros/jazzy/opt/gz_plugin_vendor:/opt/ros/jazzy/opt/gz_fuel_tools_vendor:/opt/ros/jazzy/opt/gz_msgs_vendor:/opt/ros/jazzy/opt/gz_common_vendor:/opt/ros/jazzy/opt/gz_math_vendor:/opt/ros/jazzy/opt/gz_utils_vendor:/opt/ros/jazzy/opt/gz_tools_vendor:/opt/ros/jazzy/opt/gz_ogre_next_vendor:/opt/ros/jazzy/opt/gz_dartsim_vendor:/opt/ros/jazzy/opt/gz_cmake_vendor:/opt/ros/jazzy', 'WSLENV': 'VSCODE_WSL_EXT_LOCATION/up:VSCODE_SERVER_TAR/up'}), 'shell': False}
[33.193327] (-) TimerEvent: {}
[33.308855] (-) TimerEvent: {}
[33.415151] (-) TimerEvent: {}
[33.525407] (-) TimerEvent: {}
[33.637707] (-) TimerEvent: {}
[33.748018] (-) TimerEvent: {}
[33.852268] (-) TimerEvent: {}
[33.960195] (-) TimerEvent: {}
[34.071868] (-) TimerEvent: {}
[34.177712] (-) TimerEvent: {}
[34.287304] (-) TimerEvent: {}
[34.318543] (explore_lite_msgs) StdoutLine: {'line': b'[  2%] \x1b[34m\x1b[1mGenerating type hashes for ROS interfaces\x1b[0m\n'}
[34.319009] (explore_lite_msgs) StdoutLine: {'line': b'[  5%] \x1b[34m\x1b[1mGenerating Rust code for ROS interfaces\x1b[0m\n'}
[34.408364] (-) TimerEvent: {}
[34.528494] (-) TimerEvent: {}
[34.630478] (-) TimerEvent: {}
[34.634057] (explore_lite_msgs) StdoutLine: {'line': b'[  5%] Built target ament_cmake_python_symlink_explore_lite_msgs\n'}
[34.734509] (-) TimerEvent: {}
[34.847561] (-) TimerEvent: {}
[34.962166] (-) TimerEvent: {}
[35.067157] (-) TimerEvent: {}
[35.174593] (-) TimerEvent: {}
[35.277250] (-) TimerEvent: {}
[35.388146] (-) TimerEvent: {}
[35.491073] (-) TimerEvent: {}
[35.585422] (explore_lite_msgs) StdoutLine: {'line': b'[  5%] Built target explore_lite_msgs__rosidl_generator_type_description\n'}
[35.595987] (-) TimerEvent: {}
[35.706997] (-) TimerEvent: {}
[35.814706] (-) TimerEvent: {}
[35.902011] (explore_lite_msgs) StdoutLine: {'line': b'[  8%] \x1b[34m\x1b[1mGenerating C code for ROS interfaces\x1b[0m\n'}
[35.932795] (-) TimerEvent: {}
[36.088778] (-) TimerEvent: {}
[36.109549] (explore_lite_msgs) StdoutLine: {'line': b'[ 11%] \x1b[34m\x1b[1mGenerating C++ code for ROS interfaces\x1b[0m\n'}
[36.201912] (-) TimerEvent: {}
[36.271378] (explore_lite_msgs) StdoutLine: {'line': b'[ 11%] Built target explore_lite_msgs__rs\n'}
[36.329986] (-) TimerEvent: {}
[36.372160] (explore_lite_msgs) StdoutLine: {'line': b'running egg_info\n'}
[36.372574] (explore_lite_msgs) StdoutLine: {'line': b'creating explore_lite_msgs.egg-info\n'}
[36.451015] (-) TimerEvent: {}
[36.542234] (explore_lite_msgs) StdoutLine: {'line': b'writing explore_lite_msgs.egg-info/PKG-INFO\n'}
[36.542772] (explore_lite_msgs) StdoutLine: {'line': b'writing dependency_links to explore_lite_msgs.egg-info/dependency_links.txt\n'}
[36.543510] (explore_lite_msgs) StdoutLine: {'line': b'writing top-level names to explore_lite_msgs.egg-info/top_level.txt\n'}
[36.543834] (explore_lite_msgs) StdoutLine: {'line': b"writing manifest file 'explore_lite_msgs.egg-info/SOURCES.txt'\n"}
[36.553416] (-) TimerEvent: {}
[36.657098] (-) TimerEvent: {}
[36.763227] (-) TimerEvent: {}
[36.911985] (-) TimerEvent: {}
[36.993818] (explore_lite_msgs) StdoutLine: {'line': b"reading manifest file 'explore_lite_msgs.egg-info/SOURCES.txt'\n"}
[36.994250] (explore_lite_msgs) StdoutLine: {'line': b"writing manifest file 'explore_lite_msgs.egg-info/SOURCES.txt'\n"}
[37.017580] (-) TimerEvent: {}
[37.133532] (-) TimerEvent: {}
[37.235825] (-) TimerEvent: {}
[37.252065] (explore_lite_msgs) StdoutLine: {'line': b'[ 11%] Built target ament_cmake_python_build_explore_lite_msgs_egg\n'}
[37.342888] (-) TimerEvent: {}
[37.460326] (-) TimerEvent: {}
[37.572606] (-) TimerEvent: {}
[37.677480] (-) TimerEvent: {}
[37.816323] (-) TimerEvent: {}
[37.919572] (-) TimerEvent: {}
[38.026324] (-) TimerEvent: {}
[38.066785] (explore_lite_msgs) StdoutLine: {'line': b'[ 11%] Built target explore_lite_msgs__cpp\n'}
[38.144347] (-) TimerEvent: {}
[38.251444] (-) TimerEvent: {}
[38.335568] (explore_lite_msgs) StdoutLine: {'line': b'[ 14%] \x1b[32mBuilding C object CMakeFiles/explore_lite_msgs__rosidl_generator_c.dir/rosidl_generator_c/explore_lite_msgs/msg/detail/explore_status__description.c.o\x1b[0m\n'}
[38.336096] (explore_lite_msgs) StdoutLine: {'line': b'[ 17%] \x1b[32mBuilding C object CMakeFiles/explore_lite_msgs__rosidl_generator_c.dir/rosidl_generator_c/explore_lite_msgs/msg/detail/explore_status__functions.c.o\x1b[0m\n'}
[38.358253] (-) TimerEvent: {}
[38.393259] (explore_lite_msgs) StdoutLine: {'line': b'[ 20%] \x1b[32mBuilding C object CMakeFiles/explore_lite_msgs__rosidl_generator_c.dir/rosidl_generator_c/explore_lite_msgs/msg/detail/explore_status__type_support.c.o\x1b[0m\n'}
[38.465056] (-) TimerEvent: {}
[38.576900] (-) TimerEvent: {}
[38.610740] (multirobot_map_merge) StdoutLine: {'line': b'-- Found Boost: /usr/lib/x86_64-linux-gnu/cmake/Boost-1.83.0/BoostConfig.cmake (found version "1.83.0") found components: thread \n'}
[38.691894] (multirobot_map_merge) StdoutLine: {'line': b'-- Found OpenCV: /usr (found version "4.6.0") \n'}
[38.692322] (-) TimerEvent: {}
[38.804259] (-) TimerEvent: {}
[38.837028] (multirobot_map_merge) StdoutLine: {'line': b'-- Found ament_lint_auto: 0.17.5 (/opt/ros/jazzy/share/ament_lint_auto/cmake)\n'}
[38.916402] (-) TimerEvent: {}
[39.024910] (-) TimerEvent: {}
[39.136228] (-) TimerEvent: {}
[39.260087] (-) TimerEvent: {}
[39.364809] (-) TimerEvent: {}
[39.469606] (-) TimerEvent: {}
[39.583172] (-) TimerEvent: {}
[39.698740] (-) TimerEvent: {}
[39.811858] (-) TimerEvent: {}
[39.925155] (-) TimerEvent: {}
[40.030375] (-) TimerEvent: {}
[40.141756] (-) TimerEvent: {}
[40.232635] (explore_lite_msgs) StdoutLine: {'line': b'[ 22%] \x1b[32m\x1b[1mLinking C shared library libexplore_lite_msgs__rosidl_generator_c.so\x1b[0m\n'}
[40.253567] (-) TimerEvent: {}
[40.357391] (-) TimerEvent: {}
[40.462564] (-) TimerEvent: {}
[40.569363] (-) TimerEvent: {}
[40.688750] (multirobot_map_merge) StdoutLine: {'line': b'-- Found ament_cmake_gtest: 2.5.6 (/opt/ros/jazzy/share/ament_cmake_gtest/cmake)\n'}
[40.689321] (-) TimerEvent: {}
[40.800679] (-) TimerEvent: {}
[40.888308] (multirobot_map_merge) StderrLine: {'line': b'--2026-07-30 19:26:26--  https://raw.githubusercontent.com/hrnr/m-explore-extra/master/map_merge/hector_maps/map00.pgm\n'}
[40.903463] (-) TimerEvent: {}
[41.009676] (-) TimerEvent: {}
[41.037067] (explore_lite_msgs) StdoutLine: {'line': b'[ 22%] Built target explore_lite_msgs__rosidl_generator_c\n'}
[41.063669] (multirobot_map_merge) StderrLine: {'line': b'Resolving raw.githubusercontent.com (raw.githubusercontent.com)... 185.199.110.133, 185.199.111.133, 185.199.108.133, ...\n'}
[41.100199] (multirobot_map_merge) StderrLine: {'line': b'Connecting to raw.githubusercontent.com (raw.githubusercontent.com)|185.199.110.133|:443... connected.\n'}
[41.112712] (-) TimerEvent: {}
[41.223067] (-) TimerEvent: {}
[41.327044] (explore_lite_msgs) StdoutLine: {'line': b'[ 25%] \x1b[34m\x1b[1mGenerating C type support dispatch for ROS interfaces\x1b[0m\n'}
[41.327445] (-) TimerEvent: {}
[41.428881] (explore_lite_msgs) StdoutLine: {'line': b'[ 28%] \x1b[34m\x1b[1mGenerating C type support for eProsima Fast-RTPS\x1b[0m\n'}
[41.429304] (-) TimerEvent: {}
[41.467757] (explore_lite_msgs) StdoutLine: {'line': b'[ 31%] \x1b[34m\x1b[1mGenerating C++ type support for eProsima Fast-RTPS\x1b[0m\n'}
[41.468218] (explore_lite_msgs) StdoutLine: {'line': b'[ 34%] \x1b[34m\x1b[1mGenerating C++ type support dispatch for ROS interfaces\x1b[0m\n'}
[41.468528] (explore_lite_msgs) StdoutLine: {'line': b'[ 37%] \x1b[34m\x1b[1mGenerating C introspection for ROS interfaces\x1b[0m\n'}
[41.507598] (explore_lite_msgs) StdoutLine: {'line': b'[ 40%] \x1b[34m\x1b[1mGenerating C++ introspection for ROS interfaces\x1b[0m\n'}
[41.535438] (-) TimerEvent: {}
[41.643207] (-) TimerEvent: {}
[41.755374] (-) TimerEvent: {}
[41.869325] (-) TimerEvent: {}
[41.923207] (multirobot_map_merge) StderrLine: {'line': b'HTTP request sent, awaiting response... 200 OK\n'}
[41.923668] (multirobot_map_merge) StderrLine: {'line': b'Length: 4194362 (4.0M) [application/octet-stream]\n'}
[41.924024] (multirobot_map_merge) StderrLine: {'line': b'Saving to: \xe2\x80\x98/home/paola/proyecto_robot/build/multirobot_map_merge/map00.pgm\xe2\x80\x99\n'}
[41.924643] (multirobot_map_merge) StderrLine: {'line': b'\n'}
[41.927294] (multirobot_map_merge) StderrLine: {'line': b'     0K .......... .......... .......... .......... ..........  1% 2.76M 1s\n'}
[41.959362] (multirobot_map_merge) StderrLine: {'line': b'    50K .......... .......... .......... .......... ..........  2% 3.22M 1s\n'}
[41.971233] (-) TimerEvent: {}
[41.981751] (multirobot_map_merge) StderrLine: {'line': b'   100K .......... .......... .......... .......... ..........  3% 1.77M 2s\n'}
[41.982130] (multirobot_map_merge) StderrLine: {'line': b'   150K .......... .......... .......... .......... ..........  4% 23.2M 1s\n'}
[41.984438] (multirobot_map_merge) StderrLine: {'line': b'   200K .......... .......... .......... .......... ..........  6% 4.14M 1s\n'}
[42.018297] (multirobot_map_merge) StderrLine: {'line': b'   250K .......... .......... .......... .......... ..........  7% 2.57M 1s\n'}
[42.018701] (multirobot_map_merge) StderrLine: {'line': b'   300K .......... .......... .......... .......... ..........  8% 9.85M 1s\n'}
[42.019035] (multirobot_map_merge) StderrLine: {'line': b'   350K .......... .......... .......... .......... ..........  9% 45.1M 1s\n'}
[42.019348] (multirobot_map_merge) StderrLine: {'line': b'   400K .......... .......... .......... .......... .......... 10% 35.9M 1s\n'}
[42.019628] (multirobot_map_merge) StderrLine: {'line': b'   450K .......... .......... .......... .......... .......... 12% 7.46M 1s\n'}
[42.048999] (multirobot_map_merge) StderrLine: {'line': b'   500K .......... .......... .......... .......... .......... 13% 2.82M 1s\n'}
[42.049409] (multirobot_map_merge) StderrLine: {'line': b'   550K .......... .......... .......... .......... .......... 14% 64.1M 1s\n'}
[42.049797] (multirobot_map_merge) StderrLine: {'line': b'   600K .......... .......... .......... .......... .......... 15% 43.5M 1s\n'}
[42.050116] (multirobot_map_merge) StderrLine: {'line': b'   650K .......... .......... .......... .......... .......... 17% 71.0M 1s\n'}
[42.055447] (multirobot_map_merge) StderrLine: {'line': b'   700K .......... .......... .......... .......... .......... 18% 8.46M 1s\n'}
[42.055870] (multirobot_map_merge) StderrLine: {'line': b'   750K .......... .......... .......... .......... .......... 19% 37.1M 1s\n'}
[42.056170] (multirobot_map_merge) StderrLine: {'line': b'   800K .......... .......... .......... .......... .......... 20% 70.5M 1s\n'}
[42.056828] (multirobot_map_merge) StderrLine: {'line': b'   850K .......... .......... .......... .......... .......... 21% 72.1M 0s\n'}
[42.057182] (multirobot_map_merge) StderrLine: {'line': b'   900K .......... .......... .......... .......... .......... 23% 13.6M 0s\n'}
[42.057526] (multirobot_map_merge) StderrLine: {'line': b'   950K .......... .......... .......... .......... .......... 24% 63.2M 0s\n'}
[42.057839] (multirobot_map_merge) StderrLine: {'line': b'  1000K .......... .......... .......... .......... .......... 25% 49.6M 0s\n'}
[42.060531] (multirobot_map_merge) StderrLine: {'line': b'  1050K .......... .......... .......... .......... .......... 26% 4.06M 0s\n'}
[42.061007] (multirobot_map_merge) StderrLine: {'line': b'  1100K .......... .......... .......... .......... .......... 28% 66.3M 0s\n'}
[42.061335] (multirobot_map_merge) StderrLine: {'line': b'  1150K .......... .......... .......... .......... .......... 29% 18.5M 0s\n'}
[42.066906] (multirobot_map_merge) StderrLine: {'line': b'  1200K .......... .......... .......... .......... .......... 30% 67.0M 0s\n'}
[42.067312] (multirobot_map_merge) StderrLine: {'line': b'  1250K .......... .......... .......... .......... .......... 31% 69.3M 0s\n'}
[42.067608] (multirobot_map_merge) StderrLine: {'line': b'  1300K .......... .......... .......... .......... .......... 32% 6.72M 0s\n'}
[42.067886] (multirobot_map_merge) StderrLine: {'line': b'  1350K .......... .......... .......... .......... .......... 34% 51.9M 0s\n'}
[42.073472] (-) TimerEvent: {}
[42.090370] (multirobot_map_merge) StderrLine: {'line': b'  1400K .......... .......... .......... .......... .......... 35% 2.40M 0s\n'}
[42.123561] (multirobot_map_merge) StderrLine: {'line': b'  1450K .......... .......... .......... .......... .......... 36% 5.27M 0s\n'}
[42.124264] (multirobot_map_merge) StderrLine: {'line': b'  1500K .......... .......... .......... .......... .......... 37% 8.03M 0s\n'}
[42.124577] (multirobot_map_merge) StderrLine: {'line': b'  1550K .......... .......... .......... .......... .......... 39% 57.7M 0s\n'}
[42.124917] (multirobot_map_merge) StderrLine: {'line': b'  1600K .......... .......... .......... .......... .......... 40% 51.4M 0s\n'}
[42.125195] (multirobot_map_merge) StderrLine: {'line': b'  1650K .......... .......... .......... .......... .......... 41% 58.2M 0s\n'}
[42.125484] (multirobot_map_merge) StderrLine: {'line': b'  1700K .......... .......... .......... .......... .......... 42% 13.7M 0s\n'}
[42.125774] (multirobot_map_merge) StderrLine: {'line': b'  1750K .......... .......... .......... .......... .......... 43% 10.2M 0s\n'}
[42.159108] (multirobot_map_merge) StderrLine: {'line': b'  1800K .......... .......... .......... .......... .......... 45% 5.75M 0s\n'}
[42.159490] (multirobot_map_merge) StderrLine: {'line': b'  1850K .......... .......... .......... .......... .......... 46% 50.2M 0s\n'}
[42.159753] (multirobot_map_merge) StderrLine: {'line': b'  1900K .......... .......... .......... .......... .......... 47% 20.9M 0s\n'}
[42.160010] (multirobot_map_merge) StderrLine: {'line': b'  1950K .......... .......... .......... .......... .......... 48% 4.45M 0s\n'}
[42.160253] (multirobot_map_merge) StderrLine: {'line': b'  2000K .......... .......... .......... .......... .......... 50% 9.12M 0s\n'}
[42.160492] (multirobot_map_merge) StderrLine: {'line': b'  2050K .......... .......... .......... .......... .......... 51% 9.77M 0s\n'}
[42.160734] (multirobot_map_merge) StderrLine: {'line': b'  2100K .......... .......... .......... .......... .......... 52% 11.5M 0s\n'}
[42.160990] (multirobot_map_merge) StderrLine: {'line': b'  2150K .......... .......... .......... .......... .......... 53% 25.4M 0s\n'}
[42.161233] (multirobot_map_merge) StderrLine: {'line': b'  2200K .......... .......... .......... .......... .......... 54% 26.1M 0s\n'}
[42.199159] (multirobot_map_merge) StderrLine: {'line': b'  2250K .......... .......... .......... .......... .......... 56% 6.86M 0s\n'}
[42.199530] (-) TimerEvent: {}
[42.199746] (multirobot_map_merge) StderrLine: {'line': b'  2300K .......... .......... .......... .......... .......... 57% 2.95M 0s\n'}
[42.200028] (multirobot_map_merge) StderrLine: {'line': b'  2350K .......... .......... .......... .......... .......... 58% 20.7M 0s\n'}
[42.200373] (multirobot_map_merge) StderrLine: {'line': b'  2400K .......... .......... .......... .......... .......... 59% 33.2M 0s\n'}
[42.200627] (multirobot_map_merge) StderrLine: {'line': b'  2450K .......... .......... .......... .......... .......... 61% 33.8M 0s\n'}
[42.200881] (multirobot_map_merge) StderrLine: {'line': b'  2500K .......... .......... .......... .......... .......... 62% 30.6M 0s\n'}
[42.201127] (multirobot_map_merge) StderrLine: {'line': b'  2550K .......... .......... .......... .......... .......... 63% 9.57M 0s\n'}
[42.201371] (multirobot_map_merge) StderrLine: {'line': b'  2600K .......... .......... .......... .......... .......... 64% 18.4M 0s\n'}
[42.201611] (multirobot_map_merge) StderrLine: {'line': b'  2650K .......... .......... .......... .......... .......... 65% 19.2M 0s\n'}
[42.237809] (multirobot_map_merge) StderrLine: {'line': b'  2700K .......... .......... .......... .......... .......... 67% 14.0M 0s\n'}
[42.238749] (multirobot_map_merge) StderrLine: {'line': b'  2750K .......... .......... .......... .......... .......... 68% 2.90M 0s\n'}
[42.239231] (multirobot_map_merge) StderrLine: {'line': b'  2800K .......... .......... .......... .......... .......... 69% 8.69M 0s\n'}
[42.239546] (multirobot_map_merge) StderrLine: {'line': b'  2850K .......... .......... .......... .......... .......... 70% 9.34M 0s\n'}
[42.239846] (multirobot_map_merge) StderrLine: {'line': b'  2900K .......... .......... .......... .......... .......... 72% 13.9M 0s\n'}
[42.240157] (multirobot_map_merge) StderrLine: {'line': b'  2950K .......... .......... .......... .......... .......... 73% 49.8M 0s\n'}
[42.240572] (multirobot_map_merge) StderrLine: {'line': b'  3000K .......... .......... .......... .......... .......... 74% 23.4M 0s\n'}
[42.240872] (multirobot_map_merge) StderrLine: {'line': b'  3050K .......... .......... .......... .......... .......... 75% 37.5M 0s\n'}
[42.241142] (multirobot_map_merge) StderrLine: {'line': b'  3100K .......... .......... .......... .......... .......... 76% 51.9M 0s\n'}
[42.241415] (multirobot_map_merge) StderrLine: {'line': b'  3150K .......... .......... .......... .......... .......... 78% 30.6M 0s\n'}
[42.241698] (multirobot_map_merge) StderrLine: {'line': b'  3200K .......... .......... .......... .......... .......... 79% 50.9M 0s\n'}
[42.241989] (multirobot_map_merge) StderrLine: {'line': b'  3250K .......... .......... .......... .......... .......... 80% 34.7M 0s\n'}
[42.272167] (multirobot_map_merge) StderrLine: {'line': b'  3300K .......... .......... .......... .......... .......... 81% 39.5M 0s\n'}
[42.279972] (multirobot_map_merge) StderrLine: {'line': b'  3350K .......... .......... .......... .......... .......... 83% 11.1M 0s\n'}
[42.280381] (multirobot_map_merge) StderrLine: {'line': b'  3400K .......... .......... .......... .......... .......... 84% 3.34M 0s\n'}
[42.280689] (multirobot_map_merge) StderrLine: {'line': b'  3450K .......... .......... .......... .......... .......... 85% 22.0M 0s\n'}
[42.280969] (multirobot_map_merge) StderrLine: {'line': b'  3500K .......... .......... .......... .......... .......... 86% 9.71M 0s\n'}
[42.281255] (multirobot_map_merge) StderrLine: {'line': b'  3550K .......... .......... .......... .......... .......... 87% 27.9M 0s\n'}
[42.281544] (multirobot_map_merge) StderrLine: {'line': b'  3600K .......... .......... .......... .......... .......... 89% 68.6M 0s\n'}
[42.281818] (multirobot_map_merge) StderrLine: {'line': b'  3650K .......... .......... .......... .......... .......... 90% 67.8M 0s\n'}
[42.282091] (multirobot_map_merge) StderrLine: {'line': b'  3700K .......... .......... .......... .......... .......... 91% 68.7M 0s\n'}
[42.282355] (multirobot_map_merge) StderrLine: {'line': b'  3750K .......... .......... .......... .......... .......... 92% 59.8M 0s\n'}
[42.282738] (multirobot_map_merge) StderrLine: {'line': b'  3800K .......... .......... .......... .......... .......... 93% 65.7M 0s\n'}
[42.283009] (multirobot_map_merge) StderrLine: {'line': b'  3850K .......... .......... .......... .......... .......... 95% 57.3M 0s\n'}
[42.283271] (multirobot_map_merge) StderrLine: {'line': b'  3900K .......... .......... .......... .......... .......... 96% 60.0M 0s\n'}
[42.283545] (multirobot_map_merge) StderrLine: {'line': b'  3950K .......... .......... .......... .......... .......... 97% 48.8M 0s\n'}
[42.283803] (multirobot_map_merge) StderrLine: {'line': b'  4000K .......... .......... .......... .......... .......... 98% 62.3M 0s\n'}
[42.313878] (-) TimerEvent: {}
[42.314105] (multirobot_map_merge) StderrLine: {'line': b'  4050K .......... .......... .......... .......... ......    100% 54.4M=0.4s\n'}
[42.314401] (multirobot_map_merge) StderrLine: {'line': b'\n'}
[42.314682] (multirobot_map_merge) StderrLine: {'line': b'2026-07-30 19:26:27 (10.6 MB/s) - \xe2\x80\x98/home/paola/proyecto_robot/build/multirobot_map_merge/map00.pgm\xe2\x80\x99 saved [4194362/4194362]\n'}
[42.314958] (multirobot_map_merge) StderrLine: {'line': b'\n'}
[42.353471] (multirobot_map_merge) StdoutLine: {'line': b'Checking MD5 sum of /home/paola/proyecto_robot/build/multirobot_map_merge/map00.pgm\n'}
[42.430697] (-) TimerEvent: {}
[42.434936] (multirobot_map_merge) StdoutLine: {'line': b'/home/paola/proyecto_robot/build/multirobot_map_merge/map00.pgm: OK\n'}
[42.548679] (multirobot_map_merge) StderrLine: {'line': b'--2026-07-30 19:26:28--  https://raw.githubusercontent.com/hrnr/m-explore-extra/master/map_merge/hector_maps/map05.pgm\n'}
[42.583443] (-) TimerEvent: {}
[42.710157] (-) TimerEvent: {}
[42.782581] (multirobot_map_merge) StderrLine: {'line': b'Resolving raw.githubusercontent.com (raw.githubusercontent.com)... 185.199.108.133, 185.199.109.133, 185.199.110.133, ...\n'}
[42.783069] (multirobot_map_merge) StderrLine: {'line': b'Connecting to raw.githubusercontent.com (raw.githubusercontent.com)|185.199.108.133|:443... connected.\n'}
[42.814344] (-) TimerEvent: {}
[42.919902] (-) TimerEvent: {}
[43.026169] (-) TimerEvent: {}
[43.132445] (-) TimerEvent: {}
[43.237316] (-) TimerEvent: {}
[43.288490] (explore_lite_msgs) StdoutLine: {'line': b'[ 42%] \x1b[32mBuilding CXX object CMakeFiles/explore_lite_msgs__rosidl_typesupport_cpp.dir/rosidl_typesupport_cpp/explore_lite_msgs/msg/explore_status__type_support.cpp.o\x1b[0m\n'}
[43.291083] (explore_lite_msgs) StdoutLine: {'line': b'[ 45%] \x1b[32mBuilding CXX object CMakeFiles/explore_lite_msgs__rosidl_typesupport_c.dir/rosidl_typesupport_c/explore_lite_msgs/msg/explore_status__type_support.cpp.o\x1b[0m\n'}
[43.348418] (-) TimerEvent: {}
[43.469108] (explore_lite_msgs) StdoutLine: {'line': b'[ 48%] \x1b[32mBuilding CXX object CMakeFiles/explore_lite_msgs__rosidl_typesupport_fastrtps_cpp.dir/rosidl_typesupport_fastrtps_cpp/explore_lite_msgs/msg/detail/dds_fastrtps/explore_status__type_support.cpp.o\x1b[0m\n'}
[43.469630] (-) TimerEvent: {}
[43.546756] (explore_lite_msgs) StdoutLine: {'line': b'[ 51%] \x1b[32mBuilding C object CMakeFiles/explore_lite_msgs__rosidl_typesupport_introspection_c.dir/rosidl_typesupport_introspection_c/explore_lite_msgs/msg/detail/explore_status__type_support.c.o\x1b[0m\n'}
[43.560847] (multirobot_map_merge) StderrLine: {'line': b'HTTP request sent, awaiting response... 200 OK\n'}
[43.561262] (multirobot_map_merge) StderrLine: {'line': b'Length: 4194362 (4.0M) [application/octet-stream]\n'}
[43.561552] (multirobot_map_merge) StderrLine: {'line': b'Saving to: \xe2\x80\x98/home/paola/proyecto_robot/build/multirobot_map_merge/map05.pgm\xe2\x80\x99\n'}
[43.561819] (multirobot_map_merge) StderrLine: {'line': b'\n'}
[43.591458] (-) TimerEvent: {}
[43.595811] (multirobot_map_merge) StderrLine: {'line': b'     0K .......... .......... .......... .......... ..........  1% 1.19M 3s\n'}
[43.596451] (multirobot_map_merge) StderrLine: {'line': b'    50K .......... .......... .......... .......... ..........  2% 54.6M 2s\n'}
[43.632216] (multirobot_map_merge) StderrLine: {'line': b'   100K .......... .......... .......... .......... ..........  3% 1.77M 2s\n'}
[43.648322] (explore_lite_msgs) StdoutLine: {'line': b'[ 54%] \x1b[32mBuilding CXX object CMakeFiles/explore_lite_msgs__rosidl_typesupport_fastrtps_c.dir/rosidl_typesupport_fastrtps_c/explore_lite_msgs/msg/detail/explore_status__type_support_c.cpp.o\x1b[0m\n'}
[43.650089] (multirobot_map_merge) StderrLine: {'line': b'   150K .......... .......... .......... .......... ..........  4% 3.15M 2s\n'}
[43.654395] (multirobot_map_merge) StderrLine: {'line': b'   200K .......... .......... .......... .......... ..........  6% 3.50M 2s\n'}
[43.654810] (multirobot_map_merge) StderrLine: {'line': b'   250K .......... .......... .......... .......... ..........  7% 56.5M 1s\n'}
[43.673301] (multirobot_map_merge) StderrLine: {'line': b'   300K .......... .......... .......... .......... ..........  8% 3.14M 1s\n'}
[43.683512] (multirobot_map_merge) StderrLine: {'line': b'   350K .......... .......... .......... .......... ..........  9% 4.00M 1s\n'}
[43.683925] (multirobot_map_merge) StderrLine: {'line': b'   400K .......... .......... .......... .......... .......... 10% 43.2M 1s\n'}
[43.684225] (multirobot_map_merge) StderrLine: {'line': b'   450K .......... .......... .......... .......... .......... 12% 51.4M 1s\n'}
[43.712557] (-) TimerEvent: {}
[43.742004] (multirobot_map_merge) StderrLine: {'line': b'   500K .......... .......... .......... .......... .......... 13% 2.70M 1s\n'}
[43.743425] (multirobot_map_merge) StderrLine: {'line': b'   550K .......... .......... .......... .......... .......... 14% 1.73M 1s\n'}
[43.746874] (explore_lite_msgs) StdoutLine: {'line': b'[ 57%] \x1b[32mBuilding CXX object CMakeFiles/explore_lite_msgs__rosidl_typesupport_introspection_cpp.dir/rosidl_typesupport_introspection_cpp/explore_lite_msgs/msg/detail/explore_status__type_support.cpp.o\x1b[0m\n'}
[43.758354] (multirobot_map_merge) StderrLine: {'line': b'   600K .......... .......... .......... .......... .......... 15% 2.76M 1s\n'}
[43.758776] (multirobot_map_merge) StderrLine: {'line': b'   650K .......... .......... .......... .......... .......... 17% 40.2M 1s\n'}
[43.776958] (multirobot_map_merge) StderrLine: {'line': b'   700K .......... .......... .......... .......... .......... 18% 5.96M 1s\n'}
[43.787237] (multirobot_map_merge) StderrLine: {'line': b'   750K .......... .......... .......... .......... .......... 19% 1.90M 1s\n'}
[43.787724] (multirobot_map_merge) StderrLine: {'line': b'   800K .......... .......... .......... .......... .......... 20% 47.2M 1s\n'}
[43.788026] (multirobot_map_merge) StderrLine: {'line': b'   850K .......... .......... .......... .......... .......... 21% 47.4M 1s\n'}
[43.788332] (multirobot_map_merge) StderrLine: {'line': b'   900K .......... .......... .......... .......... .......... 23% 67.9M 1s\n'}
[43.788703] (multirobot_map_merge) StderrLine: {'line': b'   950K .......... .......... .......... .......... .......... 24% 61.0M 1s\n'}
[43.818367] (multirobot_map_merge) StderrLine: {'line': b'  1000K .......... .......... .......... .......... .......... 25% 5.83M 1s\n'}
[43.818760] (-) TimerEvent: {}
[43.818979] (multirobot_map_merge) StderrLine: {'line': b'  1050K .......... .......... .......... .......... .......... 26% 57.6M 1s\n'}
[43.819265] (multirobot_map_merge) StderrLine: {'line': b'  1100K .......... .......... .......... .......... .......... 28% 49.8M 1s\n'}
[43.819519] (multirobot_map_merge) StderrLine: {'line': b'  1150K .......... .......... .......... .......... .......... 29% 58.8M 1s\n'}
[43.819785] (multirobot_map_merge) StderrLine: {'line': b'  1200K .......... .......... .......... .......... .......... 30% 55.3M 1s\n'}
[43.842668] (multirobot_map_merge) StderrLine: {'line': b'  1250K .......... .......... .......... .......... .......... 31% 1.31M 1s\n'}
[43.850100] (multirobot_map_merge) StderrLine: {'line': b'  1300K .......... .......... .......... .......... .......... 32% 4.79M 1s\n'}
[43.862034] (multirobot_map_merge) StderrLine: {'line': b'  1350K .......... .......... .......... .......... .......... 34% 5.53M 1s\n'}
[43.866561] (multirobot_map_merge) StderrLine: {'line': b'  1400K .......... .......... .......... .......... .......... 35% 6.23M 1s\n'}
[43.867202] (multirobot_map_merge) StderrLine: {'line': b'  1450K .......... .......... .......... .......... .......... 36% 39.7M 1s\n'}
[43.892673] (multirobot_map_merge) StderrLine: {'line': b'  1500K .......... .......... .......... .......... .......... 37% 5.62M 1s\n'}
[43.902248] (multirobot_map_merge) StderrLine: {'line': b'  1550K .......... .......... .......... .......... .......... 39% 2.15M 1s\n'}
[43.904482] (multirobot_map_merge) StderrLine: {'line': b'  1600K .......... .......... .......... .......... .......... 40% 5.33M 1s\n'}
[43.939704] (multirobot_map_merge) StderrLine: {'line': b'  1650K .......... .......... .......... .......... .......... 41% 4.12M 1s\n'}
[43.940260] (-) TimerEvent: {}
[43.940571] (multirobot_map_merge) StderrLine: {'line': b'  1700K .......... .......... .......... .......... .......... 42% 3.96M 1s\n'}
[43.940915] (multirobot_map_merge) StderrLine: {'line': b'  1750K .......... .......... .......... .......... .......... 43% 26.6M 0s\n'}
[43.941223] (multirobot_map_merge) StderrLine: {'line': b'  1800K .......... .......... .......... .......... .......... 45% 32.3M 0s\n'}
[43.941536] (multirobot_map_merge) StderrLine: {'line': b'  1850K .......... .......... .......... .......... .......... 46% 31.1M 0s\n'}
[43.941908] (multirobot_map_merge) StderrLine: {'line': b'  1900K .......... .......... .......... .......... .......... 47% 46.7M 0s\n'}
[43.967301] (multirobot_map_merge) StderrLine: {'line': b'  1950K .......... .......... .......... .......... .......... 48% 3.46M 0s\n'}
[43.967906] (multirobot_map_merge) StderrLine: {'line': b'  2000K .......... .......... .......... .......... .......... 50% 7.00M 0s\n'}
[43.968237] (multirobot_map_merge) StderrLine: {'line': b'  2050K .......... .......... .......... .......... .......... 51% 28.3M 0s\n'}
[43.969219] (multirobot_map_merge) StderrLine: {'line': b'  2100K .......... .......... .......... .......... .......... 52% 7.05M 0s\n'}
[44.006052] (multirobot_map_merge) StderrLine: {'line': b'  2150K .......... .......... .......... .......... .......... 53% 2.48M 0s\n'}
[44.006511] (multirobot_map_merge) StderrLine: {'line': b'  2200K .......... .......... .......... .......... .......... 54% 27.8M 0s\n'}
[44.006936] (multirobot_map_merge) StderrLine: {'line': b'  2250K .......... .......... .......... .......... .......... 56% 30.6M 0s\n'}
[44.007604] (multirobot_map_merge) StderrLine: {'line': b'  2300K .......... .......... .......... .......... .......... 57% 44.9M 0s\n'}
[44.008025] (multirobot_map_merge) StderrLine: {'line': b'  2350K .......... .......... .......... .......... .......... 58% 43.3M 0s\n'}
[44.008423] (multirobot_map_merge) StderrLine: {'line': b'  2400K .......... .......... .......... .......... .......... 59% 42.7M 0s\n'}
[44.008771] (multirobot_map_merge) StderrLine: {'line': b'  2450K .......... .......... .......... .......... .......... 61% 10.8M 0s\n'}
[44.032624] (multirobot_map_merge) StderrLine: {'line': b'  2500K .......... .......... .......... .......... .......... 62% 2.49M 0s\n'}
[44.033286] (multirobot_map_merge) StderrLine: {'line': b'  2550K .......... .......... .......... .......... .......... 63% 10.2M 0s\n'}
[44.049763] (multirobot_map_merge) StderrLine: {'line': b'  2600K .......... .......... .......... .......... .......... 64% 3.14M 0s\n'}
[44.050377] (-) TimerEvent: {}
[44.088691] (multirobot_map_merge) StderrLine: {'line': b'  2650K .......... .......... .......... .......... .......... 65% 1.23M 0s\n'}
[44.109754] (multirobot_map_merge) StderrLine: {'line': b'  2700K .......... .......... .......... .......... .......... 67% 1.60M 0s\n'}
[44.124838] (multirobot_map_merge) StderrLine: {'line': b'  2750K .......... .......... .......... .......... .......... 68% 3.52M 0s\n'}
[44.142033] (multirobot_map_merge) StderrLine: {'line': b'  2800K .......... .......... .......... .......... .......... 69% 2.42M 0s\n'}
[44.149623] (multirobot_map_merge) StderrLine: {'line': b'  2850K .......... .......... .......... .......... .......... 70% 5.44M 0s\n'}
[44.154660] (multirobot_map_merge) StderrLine: {'line': b'  2900K .......... .......... .......... .......... .......... 72% 7.58M 0s\n'}
[44.155194] (-) TimerEvent: {}
[44.179830] (multirobot_map_merge) StderrLine: {'line': b'  2950K .......... .......... .......... .......... .......... 73% 1.95M 0s\n'}
[44.194485] (multirobot_map_merge) StderrLine: {'line': b'  3000K .......... .......... .......... .......... .......... 74% 4.26M 0s\n'}
[44.217433] (multirobot_map_merge) StderrLine: {'line': b'  3050K .......... .......... .......... .......... .......... 75% 2.39M 0s\n'}
[44.235963] (multirobot_map_merge) StderrLine: {'line': b'  3100K .......... .......... .......... .......... .......... 76% 3.12M 0s\n'}
[44.250827] (multirobot_map_merge) StderrLine: {'line': b'  3150K .......... .......... .......... .......... .......... 78% 2.19M 0s\n'}
[44.254870] (multirobot_map_merge) StderrLine: {'line': b'  3200K .......... .......... .......... .......... .......... 79% 7.27M 0s\n'}
[44.255315] (-) TimerEvent: {}
[44.281852] (multirobot_map_merge) StderrLine: {'line': b'  3250K .......... .......... .......... .......... .......... 80% 2.62M 0s\n'}
[44.287964] (multirobot_map_merge) StderrLine: {'line': b'  3300K .......... .......... .......... .......... .......... 81% 4.19M 0s\n'}
[44.310543] (multirobot_map_merge) StderrLine: {'line': b'  3350K .......... .......... .......... .......... .......... 83% 4.26M 0s\n'}
[44.324238] (multirobot_map_merge) StderrLine: {'line': b'  3400K .......... .......... .......... .......... .......... 84% 2.14M 0s\n'}
[44.328216] (multirobot_map_merge) StderrLine: {'line': b'  3450K .......... .......... .......... .......... .......... 85% 5.16M 0s\n'}
[44.361067] (multirobot_map_merge) StderrLine: {'line': b'  3500K .......... .......... .......... .......... .......... 86% 1.68M 0s\n'}
[44.361503] (-) TimerEvent: {}
[44.372508] (multirobot_map_merge) StderrLine: {'line': b'  3550K .......... .......... .......... .......... .......... 87% 3.28M 0s\n'}
[44.375338] (multirobot_map_merge) StderrLine: {'line': b'  3600K .......... .......... .......... .......... .......... 89% 22.0M 0s\n'}
[44.375752] (multirobot_map_merge) StderrLine: {'line': b'  3650K .......... .......... .......... .......... .......... 90% 32.8M 0s\n'}
[44.397458] (multirobot_map_merge) StderrLine: {'line': b'  3700K .......... .......... .......... .......... .......... 91% 61.1M 0s\n'}
[44.398097] (multirobot_map_merge) StderrLine: {'line': b'  3750K .......... .......... .......... .......... .......... 92% 59.5M 0s\n'}
[44.398766] (multirobot_map_merge) StderrLine: {'line': b'  3800K .......... .......... .......... .......... .......... 93% 63.3M 0s\n'}
[44.399183] (multirobot_map_merge) StderrLine: {'line': b'  3850K .......... .......... .......... .......... .......... 95% 68.6M 0s\n'}
[44.399508] (multirobot_map_merge) StderrLine: {'line': b'  3900K .......... .......... .......... .......... .......... 96% 52.3M 0s\n'}
[44.399812] (multirobot_map_merge) StderrLine: {'line': b'  3950K .......... .......... .......... .......... .......... 97% 68.1M 0s\n'}
[44.400119] (multirobot_map_merge) StderrLine: {'line': b'  4000K .......... .......... .......... .......... .......... 98% 55.6M 0s\n'}
[44.400420] (multirobot_map_merge) StderrLine: {'line': b'  4050K .......... .......... .......... .......... ......    100% 56.5M=0.8s\n'}
[44.400717] (multirobot_map_merge) StderrLine: {'line': b'\n'}
[44.401018] (multirobot_map_merge) StderrLine: {'line': b'2026-07-30 19:26:29 (4.82 MB/s) - \xe2\x80\x98/home/paola/proyecto_robot/build/multirobot_map_merge/map05.pgm\xe2\x80\x99 saved [4194362/4194362]\n'}
[44.401307] (multirobot_map_merge) StderrLine: {'line': b'\n'}
[44.404016] (explore_lite_msgs) StdoutLine: {'line': b'[ 60%] \x1b[32m\x1b[1mLinking C shared library libexplore_lite_msgs__rosidl_typesupport_introspection_c.so\x1b[0m\n'}
[44.404425] (multirobot_map_merge) StdoutLine: {'line': b'Checking MD5 sum of /home/paola/proyecto_robot/build/multirobot_map_merge/map05.pgm\n'}
[44.407390] (explore_lite_msgs) StdoutLine: {'line': b'[ 62%] \x1b[32m\x1b[1mLinking CXX shared library libexplore_lite_msgs__rosidl_typesupport_c.so\x1b[0m\n'}
[44.487046] (-) TimerEvent: {}
[44.542474] (multirobot_map_merge) StdoutLine: {'line': b'/home/paola/proyecto_robot/build/multirobot_map_merge/map05.pgm: OK\n'}
[44.591302] (-) TimerEvent: {}
[44.715765] (-) TimerEvent: {}
[44.729872] (multirobot_map_merge) StderrLine: {'line': b'--2026-07-30 19:26:30--  https://raw.githubusercontent.com/hrnr/m-explore-extra/master/map_merge/gmapping_maps/2011-08-09-12-22-52.pgm\n'}
[44.829947] (-) TimerEvent: {}
[44.872100] (multirobot_map_merge) StderrLine: {'line': b'Resolving raw.githubusercontent.com (raw.githubusercontent.com)... 185.199.111.133, 185.199.108.133, 185.199.109.133, ...\n'}
[44.927823] (multirobot_map_merge) StderrLine: {'line': b'Connecting to raw.githubusercontent.com (raw.githubusercontent.com)|185.199.111.133|:443... connected.\n'}
[44.946520] (-) TimerEvent: {}
[45.052633] (-) TimerEvent: {}
[45.163522] (-) TimerEvent: {}
[45.230132] (explore_lite_msgs) StdoutLine: {'line': b'[ 62%] Built target explore_lite_msgs__rosidl_typesupport_introspection_c\n'}
[45.248198] (explore_lite_msgs) StdoutLine: {'line': b'[ 62%] Built target explore_lite_msgs__rosidl_typesupport_c\n'}
[45.263819] (-) TimerEvent: {}
[45.369246] (-) TimerEvent: {}
[45.478808] (-) TimerEvent: {}
[45.581113] (-) TimerEvent: {}
[45.694153] (-) TimerEvent: {}
[45.798664] (-) TimerEvent: {}
[45.874403] (multirobot_map_merge) StderrLine: {'line': b'HTTP request sent, awaiting response... 200 OK\n'}
[45.875279] (multirobot_map_merge) StderrLine: {'line': b'Length: 16000058 (15M) [application/octet-stream]\n'}
[45.875586] (multirobot_map_merge) StderrLine: {'line': b'Saving to: \xe2\x80\x98/home/paola/proyecto_robot/build/multirobot_map_merge/2011-08-09-12-22-52.pgm\xe2\x80\x99\n'}
[45.875846] (multirobot_map_merge) StderrLine: {'line': b'\n'}
[45.907334] (multirobot_map_merge) StderrLine: {'line': b'     0K .......... .......... .......... .......... ..........  0% 1.48M 10s\n'}
[45.907755] (-) TimerEvent: {}
[45.918952] (multirobot_map_merge) StderrLine: {'line': b'    50K .......... .......... .......... .......... ..........  0% 3.92M 7s\n'}
[45.952438] (multirobot_map_merge) StderrLine: {'line': b'   100K .......... .......... .......... .......... ..........  0% 1.78M 8s\n'}
[45.952934] (multirobot_map_merge) StderrLine: {'line': b'   150K .......... .......... .......... .......... ..........  1% 65.9M 6s\n'}
[45.974540] (multirobot_map_merge) StderrLine: {'line': b'   200K .......... .......... .......... .......... ..........  1% 2.17M 6s\n'}
[45.974957] (multirobot_map_merge) StderrLine: {'line': b'   250K .......... .......... .......... .......... ..........  1% 39.5M 5s\n'}
[45.975701] (multirobot_map_merge) StderrLine: {'line': b'   300K .......... .......... .......... .......... ..........  2% 5.26M 5s\n'}
[46.024683] (-) TimerEvent: {}
[46.026436] (multirobot_map_merge) StderrLine: {'line': b'   350K .......... .......... .......... .......... ..........  2% 1.12M 6s\n'}
[46.026852] (multirobot_map_merge) StderrLine: {'line': b'   400K .......... .......... .......... .......... ..........  2% 45.0M 5s\n'}
[46.037327] (multirobot_map_merge) StderrLine: {'line': b'   450K .......... .......... .......... .......... ..........  3% 3.02M 5s\n'}
[46.046658] (multirobot_map_merge) StderrLine: {'line': b'   500K .......... .......... .......... .......... ..........  3% 11.0M 5s\n'}
[46.048378] (multirobot_map_merge) StderrLine: {'line': b'   550K .......... .......... .......... .......... ..........  3% 8.68M 4s\n'}
[46.049765] (multirobot_map_merge) StderrLine: {'line': b'   600K .......... .......... .......... .......... ..........  4% 48.5M 4s\n'}
[46.062605] (multirobot_map_merge) StderrLine: {'line': b'   650K .......... .......... .......... .......... ..........  4% 18.7M 4s\n'}
[46.067751] (multirobot_map_merge) StderrLine: {'line': b'   700K .......... .......... .......... .......... ..........  4% 6.48M 4s\n'}
[46.075510] (multirobot_map_merge) StderrLine: {'line': b'   750K .......... .......... .......... .......... ..........  5% 4.72M 4s\n'}
[46.076162] (multirobot_map_merge) StderrLine: {'line': b'   800K .......... .......... .......... .......... ..........  5% 15.8M 4s\n'}
[46.081249] (multirobot_map_merge) StderrLine: {'line': b'   850K .......... .......... .......... .......... ..........  5% 7.19M 3s\n'}
[46.081698] (multirobot_map_merge) StderrLine: {'line': b'   900K .......... .......... .......... .......... ..........  6% 48.9M 3s\n'}
[46.082049] (multirobot_map_merge) StderrLine: {'line': b'   950K .......... .......... .......... .......... ..........  6% 51.6M 3s\n'}
[46.082376] (multirobot_map_merge) StderrLine: {'line': b'  1000K .......... .......... .......... .......... ..........  6% 65.3M 3s\n'}
[46.083046] (multirobot_map_merge) StderrLine: {'line': b'  1050K .......... .......... .......... .......... ..........  7% 33.1M 3s\n'}
[46.083448] (multirobot_map_merge) StderrLine: {'line': b'  1100K .......... .......... .......... .......... ..........  7% 45.7M 3s\n'}
[46.084771] (multirobot_map_merge) StderrLine: {'line': b'  1150K .......... .......... .......... .......... ..........  7% 60.0M 3s\n'}
[46.093831] (multirobot_map_merge) StderrLine: {'line': b'  1200K .......... .......... .......... .......... ..........  7% 30.3M 2s\n'}
[46.098139] (multirobot_map_merge) StderrLine: {'line': b'  1250K .......... .......... .......... .......... ..........  8% 5.14M 2s\n'}
[46.103728] (multirobot_map_merge) StderrLine: {'line': b'  1300K .......... .......... .......... .......... ..........  8% 6.61M 2s\n'}
[46.105778] (multirobot_map_merge) StderrLine: {'line': b'  1350K .......... .......... .......... .......... ..........  8% 46.2M 2s\n'}
[46.114347] (multirobot_map_merge) StderrLine: {'line': b'  1400K .......... .......... .......... .......... ..........  9% 52.7M 2s\n'}
[46.114781] (multirobot_map_merge) StderrLine: {'line': b'  1450K .......... .......... .......... .......... ..........  9% 64.2M 2s\n'}
[46.133157] (multirobot_map_merge) StderrLine: {'line': b'  1500K .......... .......... .......... .......... ..........  9% 2.13M 2s\n'}
[46.133535] (-) TimerEvent: {}
[46.141104] (multirobot_map_merge) StderrLine: {'line': b'  1550K .......... .......... .......... .......... .......... 10% 8.22M 2s\n'}
[46.166545] (multirobot_map_merge) StderrLine: {'line': b'  1600K .......... .......... .......... .......... .......... 10% 5.12M 2s\n'}
[46.178252] (multirobot_map_merge) StderrLine: {'line': b'  1650K .......... .......... .......... .......... .......... 10% 1.98M 2s\n'}
[46.178677] (multirobot_map_merge) StderrLine: {'line': b'  1700K .......... .......... .......... .......... .......... 11% 51.8M 2s\n'}
[46.180524] (multirobot_map_merge) StderrLine: {'line': b'  1750K .......... .......... .......... .......... .......... 11% 5.53M 2s\n'}
[46.180903] (multirobot_map_merge) StderrLine: {'line': b'  1800K .......... .......... .......... .......... .......... 11% 46.7M 2s\n'}
[46.186680] (multirobot_map_merge) StderrLine: {'line': b'  1850K .......... .......... .......... .......... .......... 12% 33.1M 2s\n'}
[46.192135] (multirobot_map_merge) StderrLine: {'line': b'  1900K .......... .......... .......... .......... .......... 12% 6.19M 2s\n'}
[46.208434] (multirobot_map_merge) StderrLine: {'line': b'  1950K .......... .......... .......... .......... .......... 12% 6.74M 2s\n'}
[46.213189] (multirobot_map_merge) StderrLine: {'line': b'  2000K .......... .......... .......... .......... .......... 13% 3.38M 2s\n'}
[46.214693] (multirobot_map_merge) StderrLine: {'line': b'  2050K .......... .......... .......... .......... .......... 13% 10.8M 2s\n'}
[46.218493] (multirobot_map_merge) StderrLine: {'line': b'  2100K .......... .......... .......... .......... .......... 13% 16.2M 2s\n'}
[46.227900] (multirobot_map_merge) StderrLine: {'line': b'  2150K .......... .......... .......... .......... .......... 14% 42.0M 2s\n'}
[46.229562] (multirobot_map_merge) StderrLine: {'line': b'  2200K .......... .......... .......... .......... .......... 14% 5.25M 2s\n'}
[46.234479] (multirobot_map_merge) StderrLine: {'line': b'  2250K .......... .......... .......... .......... .......... 14% 36.5M 2s\n'}
[46.234910] (-) TimerEvent: {}
[46.235449] (multirobot_map_merge) StderrLine: {'line': b'  2300K .......... .......... .......... .......... .......... 15% 37.9M 2s\n'}
[46.242421] (multirobot_map_merge) StderrLine: {'line': b'  2350K .......... .......... .......... .......... .......... 15% 6.66M 2s\n'}
[46.247532] (multirobot_map_merge) StderrLine: {'line': b'  2400K .......... .......... .......... .......... .......... 15% 7.25M 2s\n'}
[46.255777] (multirobot_map_merge) StderrLine: {'line': b'  2450K .......... .......... .......... .......... .......... 15% 12.1M 2s\n'}
[46.267239] (multirobot_map_merge) StderrLine: {'line': b'  2500K .......... .......... .......... .......... .......... 16% 4.24M 2s\n'}
[46.267774] (multirobot_map_merge) StderrLine: {'line': b'  2550K .......... .......... .......... .......... .......... 16% 6.94M 2s\n'}
[46.280023] (multirobot_map_merge) StderrLine: {'line': b'  2600K .......... .......... .......... .......... .......... 16% 5.24M 2s\n'}
[46.284320] (multirobot_map_merge) StderrLine: {'line': b'  2650K .......... .......... .......... .......... .......... 17% 7.95M 2s\n'}
[46.308369] (multirobot_map_merge) StderrLine: {'line': b'  2700K .......... .......... .......... .......... .......... 17% 1.98M 2s\n'}
[46.326658] (multirobot_map_merge) StderrLine: {'line': b'  2750K .......... .......... .......... .......... .......... 17% 5.05M 2s\n'}
[46.340195] (multirobot_map_merge) StderrLine: {'line': b'  2800K .......... .......... .......... .......... .......... 18% 3.70M 2s\n'}
[46.340833] (-) TimerEvent: {}
[46.350708] (multirobot_map_merge) StderrLine: {'line': b'  2850K .......... .......... .......... .......... .......... 18% 6.76M 2s\n'}
[46.353267] (multirobot_map_merge) StderrLine: {'line': b'  2900K .......... .......... .......... .......... .......... 18% 3.91M 2s\n'}
[46.365385] (multirobot_map_merge) StderrLine: {'line': b'  2950K .......... .......... .......... .......... .......... 19% 3.80M 2s\n'}
[46.370712] (multirobot_map_merge) StderrLine: {'line': b'  3000K .......... .......... .......... .......... .......... 19% 9.42M 2s\n'}
[46.380988] (multirobot_map_merge) StderrLine: {'line': b'  3050K .......... .......... .......... .......... .......... 19% 28.7M 2s\n'}
[46.391715] (multirobot_map_merge) StderrLine: {'line': b'  3100K .......... .......... .......... .......... .......... 20% 2.63M 2s\n'}
[46.403223] (multirobot_map_merge) StderrLine: {'line': b'  3150K .......... .......... .......... .......... .......... 20% 4.23M 2s\n'}
[46.416759] (multirobot_map_merge) StderrLine: {'line': b'  3200K .......... .......... .......... .......... .......... 20% 5.12M 2s\n'}
[46.418617] (multirobot_map_merge) StderrLine: {'line': b'  3250K .......... .......... .......... .......... .......... 21% 31.6M 2s\n'}
[46.419035] (multirobot_map_merge) StderrLine: {'line': b'  3300K .......... .......... .......... .......... .......... 21% 9.55M 2s\n'}
[46.419317] (multirobot_map_merge) StderrLine: {'line': b'  3350K .......... .......... .......... .......... .......... 21% 35.8M 2s\n'}
[46.420612] (multirobot_map_merge) StderrLine: {'line': b'  3400K .......... .......... .......... .......... .......... 22% 20.2M 2s\n'}
[46.434993] (multirobot_map_merge) StderrLine: {'line': b'  3450K .......... .......... .......... .......... .......... 22% 3.43M 2s\n'}
[46.452444] (multirobot_map_merge) StderrLine: {'line': b'  3500K .......... .......... .......... .......... .......... 22% 3.71M 2s\n'}
[46.452977] (-) TimerEvent: {}
[46.492982] (multirobot_map_merge) StderrLine: {'line': b'  3550K .......... .......... .......... .......... .......... 23% 3.72M 2s\n'}
[46.493548] (multirobot_map_merge) StderrLine: {'line': b'  3600K .......... .......... .......... .......... .......... 23% 3.12M 2s\n'}
[46.493846] (multirobot_map_merge) StderrLine: {'line': b'  3650K .......... .......... .......... .......... .......... 23% 19.0M 2s\n'}
[46.494122] (multirobot_map_merge) StderrLine: {'line': b'  3700K .......... .......... .......... .......... .......... 23% 5.56M 2s\n'}
[46.513045] (multirobot_map_merge) StderrLine: {'line': b'  3750K .......... .......... .......... .......... .......... 24% 3.63M 2s\n'}
[46.516722] (multirobot_map_merge) StderrLine: {'line': b'  3800K .......... .......... .......... .......... .......... 24% 5.29M 2s\n'}
[46.520288] (multirobot_map_merge) StderrLine: {'line': b'  3850K .......... .......... .......... .......... .......... 24% 14.9M 2s\n'}
[46.520729] (multirobot_map_merge) StderrLine: {'line': b'  3900K .......... .......... .......... .......... .......... 25% 14.3M 2s\n'}
[46.521013] (multirobot_map_merge) StderrLine: {'line': b'  3950K .......... .......... .......... .......... .......... 25% 40.2M 2s\n'}
[46.528043] (multirobot_map_merge) StderrLine: {'line': b'  4000K .......... .......... .......... .......... .......... 25% 28.0M 2s\n'}
[46.545428] (multirobot_map_merge) StderrLine: {'line': b'  4050K .......... .......... .......... .......... .......... 26% 3.25M 2s\n'}
[46.551969] (multirobot_map_merge) StderrLine: {'line': b'  4100K .......... .......... .......... .......... .......... 26% 3.90M 2s\n'}
[46.552596] (multirobot_map_merge) StderrLine: {'line': b'  4150K .......... .......... .......... .......... .......... 26% 11.6M 2s\n'}
[46.556946] (multirobot_map_merge) StderrLine: {'line': b'  4200K .......... .......... .......... .......... .......... 27% 20.2M 2s\n'}
[46.557782] (-) TimerEvent: {}
[46.568424] (multirobot_map_merge) StderrLine: {'line': b'  4250K .......... .......... .......... .......... .......... 27% 37.6M 2s\n'}
[46.570876] (multirobot_map_merge) StderrLine: {'line': b'  4300K .......... .......... .......... .......... .......... 27% 32.1M 2s\n'}
[46.571451] (multirobot_map_merge) StderrLine: {'line': b'  4350K .......... .......... .......... .......... .......... 28% 4.71M 2s\n'}
[46.571734] (multirobot_map_merge) StderrLine: {'line': b'  4400K .......... .......... .......... .......... .......... 28% 26.7M 2s\n'}
[46.574873] (multirobot_map_merge) StderrLine: {'line': b'  4450K .......... .......... .......... .......... .......... 28% 40.9M 2s\n'}
[46.575301] (multirobot_map_merge) StderrLine: {'line': b'  4500K .......... .......... .......... .......... .......... 29% 22.0M 2s\n'}
[46.582322] (multirobot_map_merge) StderrLine: {'line': b'  4550K .......... .......... .......... .......... .......... 29% 5.37M 2s\n'}
[46.585054] (multirobot_map_merge) StderrLine: {'line': b'  4600K .......... .......... .......... .......... .......... 29% 17.6M 2s\n'}
[46.595199] (multirobot_map_merge) StderrLine: {'line': b'  4650K .......... .......... .......... .......... .......... 30% 23.5M 2s\n'}
[46.602357] (multirobot_map_merge) StderrLine: {'line': b'  4700K .......... .......... .......... .......... .......... 30% 4.31M 2s\n'}
[46.609908] (multirobot_map_merge) StderrLine: {'line': b'  4750K .......... .......... .......... .......... .......... 30% 6.41M 2s\n'}
[46.611246] (multirobot_map_merge) StderrLine: {'line': b'  4800K .......... .......... .......... .......... .......... 31% 9.31M 2s\n'}
[46.623728] (multirobot_map_merge) StderrLine: {'line': b'  4850K .......... .......... .......... .......... .......... 31% 22.3M 2s\n'}
[46.635444] (multirobot_map_merge) StderrLine: {'line': b'  4900K .......... .......... .......... .......... .......... 31% 7.06M 2s\n'}
[46.635865] (multirobot_map_merge) StderrLine: {'line': b'  4950K .......... .......... .......... .......... .......... 31% 4.90M 2s\n'}
[46.641504] (multirobot_map_merge) StderrLine: {'line': b'  5000K .......... .......... .......... .......... .......... 32% 34.8M 2s\n'}
[46.643800] (multirobot_map_merge) StderrLine: {'line': b'  5050K .......... .......... .......... .......... .......... 32% 7.98M 2s\n'}
[46.644125] (multirobot_map_merge) StderrLine: {'line': b'  5100K .......... .......... .......... .......... .......... 32% 36.1M 2s\n'}
[46.656306] (multirobot_map_merge) StderrLine: {'line': b'  5150K .......... .......... .......... .......... .......... 33% 19.3M 2s\n'}
[46.656884] (multirobot_map_merge) StderrLine: {'line': b'  5200K .......... .......... .......... .......... .......... 33% 8.75M 2s\n'}
[46.657229] (multirobot_map_merge) StderrLine: {'line': b'  5250K .......... .......... .......... .......... .......... 33% 24.7M 2s\n'}
[46.657539] (multirobot_map_merge) StderrLine: {'line': b'  5300K .......... .......... .......... .......... .......... 34% 39.5M 1s\n'}
[46.657825] (-) TimerEvent: {}
[46.658063] (multirobot_map_merge) StderrLine: {'line': b'  5350K .......... .......... .......... .......... .......... 34% 39.1M 1s\n'}
[46.663187] (multirobot_map_merge) StderrLine: {'line': b'  5400K .......... .......... .......... .......... .......... 34% 20.7M 1s\n'}
[46.669558] (multirobot_map_merge) StderrLine: {'line': b'  5450K .......... .......... .......... .......... .......... 35% 4.55M 1s\n'}
[46.669971] (multirobot_map_merge) StderrLine: {'line': b'  5500K .......... .......... .......... .......... .......... 35% 29.4M 1s\n'}
[46.673742] (multirobot_map_merge) StderrLine: {'line': b'  5550K .......... .......... .......... .......... .......... 35% 29.9M 1s\n'}
[46.701789] (multirobot_map_merge) StderrLine: {'line': b'  5600K .......... .......... .......... .......... .......... 36% 5.74M 1s\n'}
[46.707642] (multirobot_map_merge) StderrLine: {'line': b'  5650K .......... .......... .......... .......... .......... 36% 1.91M 1s\n'}
[46.721677] (multirobot_map_merge) StderrLine: {'line': b'  5700K .......... .......... .......... .......... .......... 36% 5.11M 1s\n'}
[46.745859] (multirobot_map_merge) StderrLine: {'line': b'  5750K .......... .......... .......... .......... .......... 37% 2.39M 1s\n'}
[46.748911] (multirobot_map_merge) StderrLine: {'line': b'  5800K .......... .......... .......... .......... .......... 37% 3.31M 1s\n'}
[46.762827] (multirobot_map_merge) StderrLine: {'line': b'  5850K .......... .......... .......... .......... .......... 37% 8.71M 1s\n'}
[46.763428] (-) TimerEvent: {}
[46.769042] (multirobot_map_merge) StderrLine: {'line': b'  5900K .......... .......... .......... .......... .......... 38% 4.75M 1s\n'}
[46.769875] (multirobot_map_merge) StderrLine: {'line': b'  5950K .......... .......... .......... .......... .......... 38% 20.5M 1s\n'}
[46.778316] (multirobot_map_merge) StderrLine: {'line': b'  6000K .......... .......... .......... .......... .......... 38% 7.96M 1s\n'}
[46.778972] (multirobot_map_merge) StderrLine: {'line': b'  6050K .......... .......... .......... .......... .......... 39% 17.2M 1s\n'}
[46.785708] (multirobot_map_merge) StderrLine: {'line': b'  6100K .......... .......... .......... .......... .......... 39% 5.76M 1s\n'}
[46.786197] (multirobot_map_merge) StderrLine: {'line': b'  6150K .......... .......... .......... .......... .......... 39% 25.5M 1s\n'}
[46.793506] (multirobot_map_merge) StderrLine: {'line': b'  6200K .......... .......... .......... .......... .......... 39% 32.0M 1s\n'}
[46.804986] (multirobot_map_merge) StderrLine: {'line': b'  6250K .......... .......... .......... .......... .......... 40% 3.10M 1s\n'}
[46.828568] (multirobot_map_merge) StderrLine: {'line': b'  6300K .......... .......... .......... .......... .......... 40% 4.72M 1s\n'}
[46.828980] (multirobot_map_merge) StderrLine: {'line': b'  6350K .......... .......... .......... .......... .......... 40% 20.6M 1s\n'}
[46.829248] (multirobot_map_merge) StderrLine: {'line': b'  6400K .......... .......... .......... .......... .......... 41% 31.6M 1s\n'}
[46.829500] (multirobot_map_merge) StderrLine: {'line': b'  6450K .......... .......... .......... .......... .......... 41% 41.5M 1s\n'}
[46.829758] (multirobot_map_merge) StderrLine: {'line': b'  6500K .......... .......... .......... .......... .......... 41% 48.5M 1s\n'}
[46.830026] (multirobot_map_merge) StderrLine: {'line': b'  6550K .......... .......... .......... .......... .......... 42% 49.7M 1s\n'}
[46.830276] (multirobot_map_merge) StderrLine: {'line': b'  6600K .......... .......... .......... .......... .......... 42% 42.0M 1s\n'}
[46.830529] (multirobot_map_merge) StderrLine: {'line': b'  6650K .......... .......... .......... .......... .......... 42% 36.0M 1s\n'}
[46.830783] (multirobot_map_merge) StderrLine: {'line': b'  6700K .......... .......... .......... .......... .......... 43% 50.6M 1s\n'}
[46.846478] (multirobot_map_merge) StderrLine: {'line': b'  6750K .......... .......... .......... .......... .......... 43% 21.6M 1s\n'}
[46.846945] (multirobot_map_merge) StderrLine: {'line': b'  6800K .......... .......... .......... .......... .......... 43% 5.16M 1s\n'}
[46.847295] (multirobot_map_merge) StderrLine: {'line': b'  6850K .......... .......... .......... .......... .......... 44% 47.8M 1s\n'}
[46.847624] (multirobot_map_merge) StderrLine: {'line': b'  6900K .......... .......... .......... .......... .......... 44% 25.5M 1s\n'}
[46.847950] (multirobot_map_merge) StderrLine: {'line': b'  6950K .......... .......... .......... .......... .......... 44% 39.1M 1s\n'}
[46.848254] (multirobot_map_merge) StderrLine: {'line': b'  7000K .......... .......... .......... .......... .......... 45% 49.8M 1s\n'}
[46.855681] (multirobot_map_merge) StderrLine: {'line': b'  7050K .......... .......... .......... .......... .......... 45% 38.6M 1s\n'}
[46.856107] (multirobot_map_merge) StderrLine: {'line': b'  7100K .......... .......... .......... .......... .......... 45% 33.7M 1s\n'}
[46.856412] (multirobot_map_merge) StderrLine: {'line': b'  7150K .......... .......... .......... .......... .......... 46% 19.1M 1s\n'}
[46.856707] (multirobot_map_merge) StderrLine: {'line': b'  7200K .......... .......... .......... .......... .......... 46% 35.9M 1s\n'}
[46.857002] (multirobot_map_merge) StderrLine: {'line': b'  7250K .......... .......... .......... .......... .......... 46% 38.1M 1s\n'}
[46.857299] (multirobot_map_merge) StderrLine: {'line': b'  7300K .......... .......... .......... .......... .......... 47% 41.6M 1s\n'}
[46.867471] (multirobot_map_merge) StderrLine: {'line': b'  7350K .......... .......... .......... .......... .......... 47% 44.2M 1s\n'}
[46.867948] (-) TimerEvent: {}
[46.868206] (multirobot_map_merge) StderrLine: {'line': b'  7400K .......... .......... .......... .......... .......... 47% 10.2M 1s\n'}
[46.868550] (multirobot_map_merge) StderrLine: {'line': b'  7450K .......... .......... .......... .......... .......... 47% 45.4M 1s\n'}
[46.869702] (multirobot_map_merge) StderrLine: {'line': b'  7500K .......... .......... .......... .......... .......... 48% 29.6M 1s\n'}
[46.882674] (multirobot_map_merge) StderrLine: {'line': b'  7550K .......... .......... .......... .......... .......... 48% 2.72M 1s\n'}
[46.891031] (multirobot_map_merge) StderrLine: {'line': b'  7600K .......... .......... .......... .......... .......... 48% 5.58M 1s\n'}
[46.891542] (multirobot_map_merge) StderrLine: {'line': b'  7650K .......... .......... .......... .......... .......... 49% 37.5M 1s\n'}
[46.897344] (multirobot_map_merge) StderrLine: {'line': b'  7700K .......... .......... .......... .......... .......... 49% 9.35M 1s\n'}
[46.902081] (multirobot_map_merge) StderrLine: {'line': b'  7750K .......... .......... .......... .......... .......... 49% 6.48M 1s\n'}
[46.906790] (multirobot_map_merge) StderrLine: {'line': b'  7800K .......... .......... .......... .......... .......... 50% 9.74M 1s\n'}
[46.956950] (multirobot_map_merge) StderrLine: {'line': b'  7850K .......... .......... .......... .......... .......... 50% 5.11M 1s\n'}
[46.960729] (multirobot_map_merge) StderrLine: {'line': b'  7900K .......... .......... .......... .......... .......... 50% 1.17M 1s\n'}
[46.966952] (multirobot_map_merge) StderrLine: {'line': b'  7950K .......... .......... .......... .......... .......... 51% 4.01M 1s\n'}
[46.985798] (multirobot_map_merge) StderrLine: {'line': b'  8000K .......... .......... .......... .......... .......... 51% 14.4M 1s\n'}
[46.986304] (-) TimerEvent: {}
[47.003015] (multirobot_map_merge) StderrLine: {'line': b'  8050K .......... .......... .......... .......... .......... 51% 1.87M 1s\n'}
[47.007361] (multirobot_map_merge) StderrLine: {'line': b'  8100K .......... .......... .......... .......... .......... 52% 4.75M 1s\n'}
[47.012209] (multirobot_map_merge) StderrLine: {'line': b'  8150K .......... .......... .......... .......... .......... 52% 7.83M 1s\n'}
[47.029872] (multirobot_map_merge) StderrLine: {'line': b'  8200K .......... .......... .......... .......... .......... 52% 6.86M 1s\n'}
[47.043168] (multirobot_map_merge) StderrLine: {'line': b'  8250K .......... .......... .......... .......... .......... 53% 4.50M 1s\n'}
[47.043710] (multirobot_map_merge) StderrLine: {'line': b'  8300K .......... .......... .......... .......... .......... 53% 21.2M 1s\n'}
[47.047235] (multirobot_map_merge) StderrLine: {'line': b'  8350K .......... .......... .......... .......... .......... 53% 18.0M 1s\n'}
[47.047702] (multirobot_map_merge) StderrLine: {'line': b'  8400K .......... .......... .......... .......... .......... 54% 5.25M 1s\n'}
[47.053611] (multirobot_map_merge) StderrLine: {'line': b'  8450K .......... .......... .......... .......... .......... 54% 20.2M 1s\n'}
[47.060752] (multirobot_map_merge) StderrLine: {'line': b'  8500K .......... .......... .......... .......... .......... 54% 8.06M 1s\n'}
[47.062438] (multirobot_map_merge) StderrLine: {'line': b'  8550K .......... .......... .......... .......... .......... 55% 20.4M 1s\n'}
[47.067678] (multirobot_map_merge) StderrLine: {'line': b'  8600K .......... .......... .......... .......... .......... 55% 7.82M 1s\n'}
[47.068123] (multirobot_map_merge) StderrLine: {'line': b'  8650K .......... .......... .......... .......... .......... 55% 22.7M 1s\n'}
[47.068412] (multirobot_map_merge) StderrLine: {'line': b'  8700K .......... .......... .......... .......... .......... 55% 35.8M 1s\n'}
[47.083762] (multirobot_map_merge) StderrLine: {'line': b'  8750K .......... .......... .......... .......... .......... 56% 27.4M 1s\n'}
[47.084243] (multirobot_map_merge) StderrLine: {'line': b'  8800K .......... .......... .......... .......... .......... 56% 35.8M 1s\n'}
[47.091757] (multirobot_map_merge) StderrLine: {'line': b'  8850K .......... .......... .......... .......... .......... 56% 2.54M 1s\n'}
[47.092203] (-) TimerEvent: {}
[47.100329] (multirobot_map_merge) StderrLine: {'line': b'  8900K .......... .......... .......... .......... .......... 57% 3.91M 1s\n'}
[47.146145] (multirobot_map_merge) StderrLine: {'line': b'  8950K .......... .......... .......... .......... .......... 57% 1.82M 1s\n'}
[47.146604] (multirobot_map_merge) StderrLine: {'line': b'  9000K .......... .......... .......... .......... .......... 57% 6.10M 1s\n'}
[47.151464] (multirobot_map_merge) StderrLine: {'line': b'  9050K .......... .......... .......... .......... .......... 58% 31.1M 1s\n'}
[47.151917] (multirobot_map_merge) StderrLine: {'line': b'  9100K .......... .......... .......... .......... .......... 58% 37.0M 1s\n'}
[47.152376] (multirobot_map_merge) StderrLine: {'line': b'  9150K .......... .......... .......... .......... .......... 58% 8.02M 1s\n'}
[47.152679] (multirobot_map_merge) StderrLine: {'line': b'  9200K .......... .......... .......... .......... .......... 59% 29.9M 1s\n'}
[47.154208] (multirobot_map_merge) StderrLine: {'line': b'  9250K .......... .......... .......... .......... .......... 59% 7.72M 1s\n'}
[47.183607] (multirobot_map_merge) StderrLine: {'line': b'  9300K .......... .......... .......... .......... .......... 59% 4.30M 1s\n'}
[47.184090] (multirobot_map_merge) StderrLine: {'line': b'  9350K .......... .......... .......... .......... .......... 60% 27.3M 1s\n'}
[47.184605] (multirobot_map_merge) StderrLine: {'line': b'  9400K .......... .......... .......... .......... .......... 60% 33.2M 1s\n'}
[47.185116] (multirobot_map_merge) StderrLine: {'line': b'  9450K .......... .......... .......... .......... .......... 60% 25.2M 1s\n'}
[47.185426] (multirobot_map_merge) StderrLine: {'line': b'  9500K .......... .......... .......... .......... .......... 61% 36.0M 1s\n'}
[47.189822] (multirobot_map_merge) StderrLine: {'line': b'  9550K .......... .......... .......... .......... .......... 61% 23.5M 1s\n'}
[47.190501] (multirobot_map_merge) StderrLine: {'line': b'  9600K .......... .......... .......... .......... .......... 61% 21.3M 1s\n'}
[47.190835] (multirobot_map_merge) StderrLine: {'line': b'  9650K .......... .......... .......... .......... .......... 62% 29.5M 1s\n'}
[47.193086] (multirobot_map_merge) StderrLine: {'line': b'  9700K .......... .......... .......... .......... .......... 62% 5.44M 1s\n'}
[47.193509] (-) TimerEvent: {}
[47.193765] (multirobot_map_merge) StderrLine: {'line': b'  9750K .......... .......... .......... .......... .......... 62% 49.1M 1s\n'}
[47.197104] (multirobot_map_merge) StderrLine: {'line': b'  9800K .......... .......... .......... .......... .......... 63% 5.44M 1s\n'}
[47.197558] (multirobot_map_merge) StderrLine: {'line': b'  9850K .......... .......... .......... .......... .......... 63% 40.2M 1s\n'}
[47.204576] (multirobot_map_merge) StderrLine: {'line': b'  9900K .......... .......... .......... .......... .......... 63% 9.08M 1s\n'}
[47.216909] (multirobot_map_merge) StderrLine: {'line': b'  9950K .......... .......... .......... .......... .......... 63% 4.51M 1s\n'}
[47.218430] (multirobot_map_merge) StderrLine: {'line': b' 10000K .......... .......... .......... .......... .......... 64% 7.75M 1s\n'}
[47.233412] (multirobot_map_merge) StderrLine: {'line': b' 10050K .......... .......... .......... .......... .......... 64% 13.4M 1s\n'}
[47.244989] (multirobot_map_merge) StderrLine: {'line': b' 10100K .......... .......... .......... .......... .......... 64% 3.83M 1s\n'}
[47.248602] (multirobot_map_merge) StderrLine: {'line': b' 10150K .......... .......... .......... .......... .......... 65% 16.4M 1s\n'}
[47.250632] (multirobot_map_merge) StderrLine: {'line': b' 10200K .......... .......... .......... .......... .......... 65% 5.68M 1s\n'}
[47.251036] (multirobot_map_merge) StderrLine: {'line': b' 10250K .......... .......... .......... .......... .......... 65% 38.8M 1s\n'}
[47.257076] (multirobot_map_merge) StderrLine: {'line': b' 10300K .......... .......... .......... .......... .......... 66% 39.7M 1s\n'}
[47.274462] (multirobot_map_merge) StderrLine: {'line': b' 10350K .......... .......... .......... .......... .......... 66% 3.67M 1s\n'}
[47.274921] (multirobot_map_merge) StderrLine: {'line': b' 10400K .......... .......... .......... .......... .......... 66% 43.9M 1s\n'}
[47.275249] (multirobot_map_merge) StderrLine: {'line': b' 10450K .......... .......... .......... .......... .......... 67% 51.4M 1s\n'}
[47.275555] (multirobot_map_merge) StderrLine: {'line': b' 10500K .......... .......... .......... .......... .......... 67% 7.94M 1s\n'}
[47.279165] (multirobot_map_merge) StderrLine: {'line': b' 10550K .......... .......... .......... .......... .......... 67% 29.0M 1s\n'}
[47.280434] (multirobot_map_merge) StderrLine: {'line': b' 10600K .......... .......... .......... .......... .......... 68% 6.82M 1s\n'}
[47.296523] (multirobot_map_merge) StderrLine: {'line': b' 10650K .......... .......... .......... .......... .......... 68% 7.77M 1s\n'}
[47.296890] (-) TimerEvent: {}
[47.305050] (multirobot_map_merge) StderrLine: {'line': b' 10700K .......... .......... .......... .......... .......... 68% 4.38M 1s\n'}
[47.312791] (multirobot_map_merge) StderrLine: {'line': b' 10750K .......... .......... .......... .......... .......... 69% 5.04M 1s\n'}
[47.313909] (multirobot_map_merge) StderrLine: {'line': b' 10800K .......... .......... .......... .......... .......... 69% 6.89M 1s\n'}
[47.339647] (multirobot_map_merge) StderrLine: {'line': b' 10850K .......... .......... .......... .......... .......... 69% 8.17M 1s\n'}
[47.340223] (multirobot_map_merge) StderrLine: {'line': b' 10900K .......... .......... .......... .......... .......... 70% 18.1M 1s\n'}
[47.340519] (multirobot_map_merge) StderrLine: {'line': b' 10950K .......... .......... .......... .......... .......... 70% 38.2M 1s\n'}
[47.340793] (multirobot_map_merge) StderrLine: {'line': b' 11000K .......... .......... .......... .......... .......... 70% 34.8M 1s\n'}
[47.341136] (multirobot_map_merge) StderrLine: {'line': b' 11050K .......... .......... .......... .......... .......... 71% 36.2M 1s\n'}
[47.341481] (multirobot_map_merge) StderrLine: {'line': b' 11100K .......... .......... .......... .......... .......... 71% 29.4M 1s\n'}
[47.364856] (multirobot_map_merge) StderrLine: {'line': b' 11150K .......... .......... .......... .......... .......... 71% 1.79M 1s\n'}
[47.366835] (multirobot_map_merge) StderrLine: {'line': b' 11200K .......... .......... .......... .......... .......... 71% 5.12M 1s\n'}
[47.375950] (multirobot_map_merge) StderrLine: {'line': b' 11250K .......... .......... .......... .......... .......... 72% 5.28M 1s\n'}
[47.387304] (multirobot_map_merge) StderrLine: {'line': b' 11300K .......... .......... .......... .......... .......... 72% 8.56M 1s\n'}
[47.387787] (multirobot_map_merge) StderrLine: {'line': b' 11350K .......... .......... .......... .......... .......... 72% 22.3M 1s\n'}
[47.395124] (multirobot_map_merge) StderrLine: {'line': b' 11400K .......... .......... .......... .......... .......... 73% 11.4M 1s\n'}
[47.395549] (multirobot_map_merge) StderrLine: {'line': b' 11450K .......... .......... .......... .......... .......... 73% 49.0M 1s\n'}
[47.411405] (multirobot_map_merge) StderrLine: {'line': b' 11500K .......... .......... .......... .......... .......... 73% 4.96M 1s\n'}
[47.412200] (-) TimerEvent: {}
[47.417293] (multirobot_map_merge) StderrLine: {'line': b' 11550K .......... .......... .......... .......... .......... 74% 6.09M 1s\n'}
[47.417849] (multirobot_map_merge) StderrLine: {'line': b' 11600K .......... .......... .......... .......... .......... 74% 6.88M 1s\n'}
[47.423376] (multirobot_map_merge) StderrLine: {'line': b' 11650K .......... .......... .......... .......... .......... 74% 22.7M 1s\n'}
[47.424182] (multirobot_map_merge) StderrLine: {'line': b' 11700K .......... .......... .......... .......... .......... 75% 25.3M 1s\n'}
[47.424534] (multirobot_map_merge) StderrLine: {'line': b' 11750K .......... .......... .......... .......... .......... 75% 43.1M 1s\n'}
[47.425895] (multirobot_map_merge) StderrLine: {'line': b' 11800K .......... .......... .......... .......... .......... 75% 10.5M 0s\n'}
[47.437001] (multirobot_map_merge) StderrLine: {'line': b' 11850K .......... .......... .......... .......... .......... 76% 11.2M 0s\n'}
[47.462330] (multirobot_map_merge) StderrLine: {'line': b' 11900K .......... .......... .......... .......... .......... 76% 2.96M 0s\n'}
[47.463145] (multirobot_map_merge) StderrLine: {'line': b' 11950K .......... .......... .......... .......... .......... 76% 29.6M 0s\n'}
[47.463444] (multirobot_map_merge) StderrLine: {'line': b' 12000K .......... .......... .......... .......... .......... 77% 38.8M 0s\n'}
[47.463710] (multirobot_map_merge) StderrLine: {'line': b' 12050K .......... .......... .......... .......... .......... 77% 18.7M 0s\n'}
[47.463955] (multirobot_map_merge) StderrLine: {'line': b' 12100K .......... .......... .......... .......... .......... 77% 41.7M 0s\n'}
[47.464326] (multirobot_map_merge) StderrLine: {'line': b' 12150K .......... .......... .......... .......... .......... 78% 29.4M 0s\n'}
[47.464585] (multirobot_map_merge) StderrLine: {'line': b' 12200K .......... .......... .......... .......... .......... 78% 26.8M 0s\n'}
[47.468928] (multirobot_map_merge) StderrLine: {'line': b' 12250K .......... .......... .......... .......... .......... 78% 36.5M 0s\n'}
[47.469428] (multirobot_map_merge) StderrLine: {'line': b' 12300K .......... .......... .......... .......... .......... 79% 36.5M 0s\n'}
[47.469778] (multirobot_map_merge) StderrLine: {'line': b' 12350K .......... .......... .......... .......... .......... 79% 25.9M 0s\n'}
[47.470113] (multirobot_map_merge) StderrLine: {'line': b' 12400K .......... .......... .......... .......... .......... 79% 28.2M 0s\n'}
[47.492404] (multirobot_map_merge) StderrLine: {'line': b' 12450K .......... .......... .......... .......... .......... 79% 3.50M 0s\n'}
[47.492957] (multirobot_map_merge) StderrLine: {'line': b' 12500K .......... .......... .......... .......... .......... 80% 6.66M 0s\n'}
[47.493293] (multirobot_map_merge) StderrLine: {'line': b' 12550K .......... .......... .......... .......... .......... 80% 29.5M 0s\n'}
[47.493582] (multirobot_map_merge) StderrLine: {'line': b' 12600K .......... .......... .......... .......... .......... 80% 38.7M 0s\n'}
[47.501046] (multirobot_map_merge) StderrLine: {'line': b' 12650K .......... .......... .......... .......... .......... 81% 29.5M 0s\n'}
[47.501524] (multirobot_map_merge) StderrLine: {'line': b' 12700K .......... .......... .......... .......... .......... 81% 24.2M 0s\n'}
[47.502482] (multirobot_map_merge) StderrLine: {'line': b' 12750K .......... .......... .......... .......... .......... 81% 35.0M 0s\n'}
[47.502835] (multirobot_map_merge) StderrLine: {'line': b' 12800K .......... .......... .......... .......... .......... 82% 44.1M 0s\n'}
[47.503216] (multirobot_map_merge) StderrLine: {'line': b' 12850K .......... .......... .......... .......... .......... 82% 28.2M 0s\n'}
[47.508324] (multirobot_map_merge) StderrLine: {'line': b' 12900K .......... .......... .......... .......... .......... 82% 43.0M 0s\n'}
[47.508775] (multirobot_map_merge) StderrLine: {'line': b' 12950K .......... .......... .......... .......... .......... 83% 6.26M 0s\n'}
[47.509090] (multirobot_map_merge) StderrLine: {'line': b' 13000K .......... .......... .......... .......... .......... 83% 32.8M 0s\n'}
[47.509371] (multirobot_map_merge) StderrLine: {'line': b' 13050K .......... .......... .......... .......... .......... 83% 46.4M 0s\n'}
[47.509687] (multirobot_map_merge) StderrLine: {'line': b' 13100K .......... .......... .......... .......... .......... 84% 58.0M 0s\n'}
[47.509991] (multirobot_map_merge) StderrLine: {'line': b' 13150K .......... .......... .......... .......... .......... 84% 30.5M 0s\n'}
[47.516815] (multirobot_map_merge) StderrLine: {'line': b' 13200K .......... .......... .......... .......... .......... 84% 38.7M 0s\n'}
[47.517303] (-) TimerEvent: {}
[47.517564] (multirobot_map_merge) StderrLine: {'line': b' 13250K .......... .......... .......... .......... .......... 85% 32.1M 0s\n'}
[47.517896] (multirobot_map_merge) StderrLine: {'line': b' 13300K .......... .......... .......... .......... .......... 85% 24.1M 0s\n'}
[47.518207] (multirobot_map_merge) StderrLine: {'line': b' 13350K .......... .......... .......... .......... .......... 85% 42.0M 0s\n'}
[47.520134] (multirobot_map_merge) StderrLine: {'line': b' 13400K .......... .......... .......... .......... .......... 86% 11.8M 0s\n'}
[47.520589] (multirobot_map_merge) StderrLine: {'line': b' 13450K .......... .......... .......... .......... .......... 86% 43.6M 0s\n'}
[47.522259] (multirobot_map_merge) StderrLine: {'line': b' 13500K .......... .......... .......... .......... .......... 86% 50.0M 0s\n'}
[47.545153] (multirobot_map_merge) StderrLine: {'line': b' 13550K .......... .......... .......... .......... .......... 87% 5.12M 0s\n'}
[47.545727] (multirobot_map_merge) StderrLine: {'line': b' 13600K .......... .......... .......... .......... .......... 87% 40.1M 0s\n'}
[47.548776] (multirobot_map_merge) StderrLine: {'line': b' 13650K .......... .......... .......... .......... .......... 87% 36.4M 0s\n'}
[47.549135] (multirobot_map_merge) StderrLine: {'line': b' 13700K .......... .......... .......... .......... .......... 87% 34.1M 0s\n'}
[47.549443] (multirobot_map_merge) StderrLine: {'line': b' 13750K .......... .......... .......... .......... .......... 88% 51.2M 0s\n'}
[47.549753] (multirobot_map_merge) StderrLine: {'line': b' 13800K .......... .......... .......... .......... .......... 88% 46.6M 0s\n'}
[47.550052] (multirobot_map_merge) StderrLine: {'line': b' 13850K .......... .......... .......... .......... .......... 88% 55.4M 0s\n'}
[47.552286] (multirobot_map_merge) StderrLine: {'line': b' 13900K .......... .......... .......... .......... .......... 89% 54.2M 0s\n'}
[47.552575] (multirobot_map_merge) StderrLine: {'line': b' 13950K .......... .......... .......... .......... .......... 89% 4.62M 0s\n'}
[47.552819] (multirobot_map_merge) StderrLine: {'line': b' 14000K .......... .......... .......... .......... .......... 89% 47.9M 0s\n'}
[47.559647] (multirobot_map_merge) StderrLine: {'line': b' 14050K .......... .......... .......... .......... .......... 90% 10.6M 0s\n'}
[47.560017] (multirobot_map_merge) StderrLine: {'line': b' 14100K .......... .......... .......... .......... .......... 90% 40.9M 0s\n'}
[47.579514] (multirobot_map_merge) StderrLine: {'line': b' 14150K .......... .......... .......... .......... .......... 90% 2.22M 0s\n'}
[47.581530] (multirobot_map_merge) StderrLine: {'line': b' 14200K .......... .......... .......... .......... .......... 91% 7.18M 0s\n'}
[47.590594] (multirobot_map_merge) StderrLine: {'line': b' 14250K .......... .......... .......... .......... .......... 91% 5.94M 0s\n'}
[47.603360] (multirobot_map_merge) StderrLine: {'line': b' 14300K .......... .......... .......... .......... .......... 91% 11.1M 0s\n'}
[47.630832] (multirobot_map_merge) StderrLine: {'line': b' 14350K .......... .......... .......... .......... .......... 92% 4.49M 0s\n'}
[47.631259] (-) TimerEvent: {}
[47.670301] (multirobot_map_merge) StderrLine: {'line': b' 14400K .......... .......... .......... .......... .......... 92% 1.83M 0s\n'}
[47.670710] (multirobot_map_merge) StderrLine: {'line': b' 14450K .......... .......... .......... .......... .......... 92% 7.89M 0s\n'}
[47.670986] (multirobot_map_merge) StderrLine: {'line': b' 14500K .......... .......... .......... .......... .......... 93% 22.8M 0s\n'}
[47.671253] (multirobot_map_merge) StderrLine: {'line': b' 14550K .......... .......... .......... .......... .......... 93% 34.6M 0s\n'}
[47.671507] (multirobot_map_merge) StderrLine: {'line': b' 14600K .......... .......... .......... .......... .......... 93% 28.9M 0s\n'}
[47.671752] (multirobot_map_merge) StderrLine: {'line': b' 14650K .......... .......... .......... .......... .......... 94% 23.3M 0s\n'}
[47.672365] (multirobot_map_merge) StderrLine: {'line': b' 14700K .......... .......... .......... .......... .......... 94% 18.4M 0s\n'}
[47.672644] (multirobot_map_merge) StderrLine: {'line': b' 14750K .......... .......... .......... .......... .......... 94% 33.0M 0s\n'}
[47.672897] (multirobot_map_merge) StderrLine: {'line': b' 14800K .......... .......... .......... .......... .......... 95% 45.9M 0s\n'}
[47.673163] (multirobot_map_merge) StderrLine: {'line': b' 14850K .......... .......... .......... .......... .......... 95% 43.0M 0s\n'}
[47.673440] (multirobot_map_merge) StderrLine: {'line': b' 14900K .......... .......... .......... .......... .......... 95% 44.7M 0s\n'}
[47.673921] (multirobot_map_merge) StderrLine: {'line': b' 14950K .......... .......... .......... .......... .......... 95% 37.8M 0s\n'}
[47.674195] (multirobot_map_merge) StderrLine: {'line': b' 15000K .......... .......... .......... .......... .......... 96% 36.5M 0s\n'}
[47.677259] (multirobot_map_merge) StderrLine: {'line': b' 15050K .......... .......... .......... .......... .......... 96% 9.45M 0s\n'}
[47.727175] (multirobot_map_merge) StderrLine: {'line': b' 15100K .......... .......... .......... .......... .......... 96% 5.80M 0s\n'}
[47.727644] (multirobot_map_merge) StderrLine: {'line': b' 15150K .......... .......... .......... .......... .......... 97% 52.9M 0s\n'}
[47.727984] (multirobot_map_merge) StderrLine: {'line': b' 15200K .......... .......... .......... .......... .......... 97% 28.3M 0s\n'}
[47.728302] (multirobot_map_merge) StderrLine: {'line': b' 15250K .......... .......... .......... .......... .......... 97% 9.85M 0s\n'}
[47.728625] (multirobot_map_merge) StderrLine: {'line': b' 15300K .......... .......... .......... .......... .......... 98% 35.5M 0s\n'}
[47.728951] (multirobot_map_merge) StderrLine: {'line': b' 15350K .......... .......... .......... .......... .......... 98% 19.1M 0s\n'}
[47.729263] (multirobot_map_merge) StderrLine: {'line': b' 15400K .......... .......... .......... .......... .......... 98% 61.4M 0s\n'}
[47.729565] (multirobot_map_merge) StderrLine: {'line': b' 15450K .......... .......... .......... .......... .......... 99% 7.04M 0s\n'}
[47.729870] (multirobot_map_merge) StderrLine: {'line': b' 15500K .......... .......... .......... .......... .......... 99% 6.94M 0s\n'}
[47.730187] (multirobot_map_merge) StderrLine: {'line': b' 15550K .......... .......... .......... .......... .......... 99% 50.4M 0s\n'}
[47.730497] (multirobot_map_merge) StderrLine: {'line': b' 15600K .......... .......... .....                           100% 98.0M=1.8s\n'}
[47.730804] (multirobot_map_merge) StderrLine: {'line': b'\n'}
[47.731117] (multirobot_map_merge) StderrLine: {'line': b'2026-07-30 19:26:33 (8.35 MB/s) - \xe2\x80\x98/home/paola/proyecto_robot/build/multirobot_map_merge/2011-08-09-12-22-52.pgm\xe2\x80\x99 saved [16000058/16000058]\n'}
[47.731412] (-) TimerEvent: {}
[47.731636] (multirobot_map_merge) StderrLine: {'line': b'\n'}
[47.752250] (multirobot_map_merge) StdoutLine: {'line': b'Checking MD5 sum of /home/paola/proyecto_robot/build/multirobot_map_merge/2011-08-09-12-22-52.pgm\n'}
[47.845682] (-) TimerEvent: {}
[47.870176] (multirobot_map_merge) StdoutLine: {'line': b'/home/paola/proyecto_robot/build/multirobot_map_merge/2011-08-09-12-22-52.pgm: OK\n'}
[47.951638] (explore_lite_msgs) StdoutLine: {'line': b'[ 65%] \x1b[32m\x1b[1mLinking CXX shared library libexplore_lite_msgs__rosidl_typesupport_introspection_cpp.so\x1b[0m\n'}
[47.952115] (-) TimerEvent: {}
[47.975847] (explore_lite_msgs) StdoutLine: {'line': b'[ 68%] \x1b[32m\x1b[1mLinking CXX shared library libexplore_lite_msgs__rosidl_typesupport_cpp.so\x1b[0m\n'}
[48.067980] (multirobot_map_merge) StderrLine: {'line': b'--2026-07-30 19:26:33--  https://raw.githubusercontent.com/hrnr/m-explore-extra/master/map_merge/gmapping_maps/2012-01-28-11-12-01.pgm\n'}
[48.068396] (-) TimerEvent: {}
[48.160918] (multirobot_map_merge) StderrLine: {'line': b'Resolving raw.githubusercontent.com (raw.githubusercontent.com)... 185.199.108.133, 185.199.109.133, 185.199.110.133, ...\n'}
[48.174915] (-) TimerEvent: {}
[48.203240] (multirobot_map_merge) StderrLine: {'line': b'Connecting to raw.githubusercontent.com (raw.githubusercontent.com)|185.199.108.133|:443... connected.\n'}
[48.287708] (-) TimerEvent: {}
[48.390232] (-) TimerEvent: {}
[48.499743] (-) TimerEvent: {}
[48.621676] (-) TimerEvent: {}
[48.725042] (-) TimerEvent: {}
[48.733694] (explore_lite_msgs) StdoutLine: {'line': b'[ 68%] Built target explore_lite_msgs__rosidl_typesupport_cpp\n'}
[48.785783] (explore_lite_msgs) StdoutLine: {'line': b'[ 68%] Built target explore_lite_msgs__rosidl_typesupport_introspection_cpp\n'}
[48.842591] (-) TimerEvent: {}
[48.958723] (-) TimerEvent: {}
[49.064131] (-) TimerEvent: {}
[49.070635] (explore_lite_msgs) StdoutLine: {'line': b'[ 71%] \x1b[32m\x1b[1mLinking CXX shared library libexplore_lite_msgs__rosidl_typesupport_fastrtps_c.so\x1b[0m\n'}
[49.113518] (explore_lite_msgs) StdoutLine: {'line': b'[ 74%] \x1b[32m\x1b[1mLinking CXX shared library libexplore_lite_msgs__rosidl_typesupport_fastrtps_cpp.so\x1b[0m\n'}
[49.166972] (multirobot_map_merge) StderrLine: {'line': b'HTTP request sent, awaiting response... 200 OK\n'}
[49.167379] (-) TimerEvent: {}
[49.167613] (multirobot_map_merge) StderrLine: {'line': b'Length: 16000058 (15M) [application/octet-stream]\n'}
[49.167946] (multirobot_map_merge) StderrLine: {'line': b'Saving to: \xe2\x80\x98/home/paola/proyecto_robot/build/multirobot_map_merge/2012-01-28-11-12-01.pgm\xe2\x80\x99\n'}
[49.168242] (multirobot_map_merge) StderrLine: {'line': b'\n'}
[49.203730] (multirobot_map_merge) StderrLine: {'line': b'     0K .......... .......... .......... .......... ..........  0% 1.35M 11s\n'}
[49.216039] (multirobot_map_merge) StderrLine: {'line': b'    50K .......... .......... .......... .......... ..........  0% 4.91M 7s\n'}
[49.241475] (multirobot_map_merge) StderrLine: {'line': b'   100K .......... .......... .......... .......... ..........  0% 1.91M 7s\n'}
[49.250436] (multirobot_map_merge) StderrLine: {'line': b'   150K .......... .......... .......... .......... ..........  1% 8.93M 6s\n'}
[49.262793] (multirobot_map_merge) StderrLine: {'line': b'   200K .......... .......... .......... .......... ..........  1% 3.00M 6s\n'}
[49.275455] (-) TimerEvent: {}
[49.289932] (multirobot_map_merge) StderrLine: {'line': b'   250K .......... .......... .......... .......... ..........  1% 2.49M 6s\n'}
[49.290459] (multirobot_map_merge) StderrLine: {'line': b'   300K .......... .......... .......... .......... ..........  2% 66.9M 5s\n'}
[49.290813] (multirobot_map_merge) StderrLine: {'line': b'   350K .......... .......... .......... .......... ..........  2% 75.9M 4s\n'}
[49.291108] (multirobot_map_merge) StderrLine: {'line': b'   400K .......... .......... .......... .......... ..........  2% 58.7M 4s\n'}
[49.300434] (multirobot_map_merge) StderrLine: {'line': b'   450K .......... .......... .......... .......... ..........  3% 5.01M 4s\n'}
[49.300920] (multirobot_map_merge) StderrLine: {'line': b'   500K .......... .......... .......... .......... ..........  3% 36.3M 3s\n'}
[49.316679] (multirobot_map_merge) StderrLine: {'line': b'   550K .......... .......... .......... .......... ..........  3% 2.50M 4s\n'}
[49.317095] (multirobot_map_merge) StderrLine: {'line': b'   600K .......... .......... .......... .......... ..........  4% 33.2M 3s\n'}
[49.317400] (multirobot_map_merge) StderrLine: {'line': b'   650K .......... .......... .......... .......... ..........  4% 52.6M 3s\n'}
[49.317686] (multirobot_map_merge) StderrLine: {'line': b'   700K .......... .......... .......... .......... ..........  4% 51.7M 3s\n'}
[49.319017] (multirobot_map_merge) StderrLine: {'line': b'   750K .......... .......... .......... .......... ..........  5% 46.7M 3s\n'}
[49.329057] (multirobot_map_merge) StderrLine: {'line': b'   800K .......... .......... .......... .......... ..........  5% 11.9M 3s\n'}
[49.329428] (multirobot_map_merge) StderrLine: {'line': b'   850K .......... .......... .......... .......... ..........  5% 67.0M 3s\n'}
[49.329699] (multirobot_map_merge) StderrLine: {'line': b'   900K .......... .......... .......... .......... ..........  6% 52.5M 2s\n'}
[49.329939] (multirobot_map_merge) StderrLine: {'line': b'   950K .......... .......... .......... .......... ..........  6% 59.2M 2s\n'}
[49.333873] (multirobot_map_merge) StderrLine: {'line': b'  1000K .......... .......... .......... .......... ..........  6% 54.6M 2s\n'}
[49.334178] (multirobot_map_merge) StderrLine: {'line': b'  1050K .......... .......... .......... .......... ..........  7% 60.9M 2s\n'}
[49.334487] (multirobot_map_merge) StderrLine: {'line': b'  1100K .......... .......... .......... .......... ..........  7% 12.9M 2s\n'}
[49.334772] (multirobot_map_merge) StderrLine: {'line': b'  1150K .......... .......... .......... .......... ..........  7% 72.8M 2s\n'}
[49.344836] (multirobot_map_merge) StderrLine: {'line': b'  1200K .......... .......... .......... .......... ..........  7% 3.54M 2s\n'}
[49.345264] (multirobot_map_merge) StderrLine: {'line': b'  1250K .......... .......... .......... .......... ..........  8% 63.1M 2s\n'}
[49.355600] (multirobot_map_merge) StderrLine: {'line': b'  1300K .......... .......... .......... .......... ..........  8% 15.2M 2s\n'}
[49.356422] (multirobot_map_merge) StderrLine: {'line': b'  1350K .......... .......... .......... .......... ..........  8% 57.1M 2s\n'}
[49.356798] (multirobot_map_merge) StderrLine: {'line': b'  1400K .......... .......... .......... .......... ..........  9% 58.5M 2s\n'}
[49.357338] (multirobot_map_merge) StderrLine: {'line': b'  1450K .......... .......... .......... .......... ..........  9% 70.0M 2s\n'}
[49.357703] (multirobot_map_merge) StderrLine: {'line': b'  1500K .......... .......... .......... .......... ..........  9% 69.5M 2s\n'}
[49.358007] (multirobot_map_merge) StderrLine: {'line': b'  1550K .......... .......... .......... .......... .......... 10% 68.8M 2s\n'}
[49.358305] (multirobot_map_merge) StderrLine: {'line': b'  1600K .......... .......... .......... .......... .......... 10% 53.2M 2s\n'}
[49.370729] (multirobot_map_merge) StderrLine: {'line': b'  1650K .......... .......... .......... .......... .......... 10% 6.55M 2s\n'}
[49.373543] (multirobot_map_merge) StderrLine: {'line': b'  1700K .......... .......... .......... .......... .......... 11% 9.36M 2s\n'}
[49.373966] (multirobot_map_merge) StderrLine: {'line': b'  1750K .......... .......... .......... .......... .......... 11% 7.05M 2s\n'}
[49.375033] (multirobot_map_merge) StderrLine: {'line': b'  1800K .......... .......... .......... .......... .......... 11% 44.4M 2s\n'}
[49.376780] (-) TimerEvent: {}
[49.378456] (multirobot_map_merge) StderrLine: {'line': b'  1850K .......... .......... .......... .......... .......... 12% 16.3M 2s\n'}
[49.381065] (multirobot_map_merge) StderrLine: {'line': b'  1900K .......... .......... .......... .......... .......... 12% 18.2M 1s\n'}
[49.381467] (multirobot_map_merge) StderrLine: {'line': b'  1950K .......... .......... .......... .......... .......... 12% 46.6M 1s\n'}
[49.381755] (multirobot_map_merge) StderrLine: {'line': b'  2000K .......... .......... .......... .......... .......... 13% 35.0M 1s\n'}
[49.383354] (multirobot_map_merge) StderrLine: {'line': b'  2050K .......... .......... .......... .......... .......... 13% 21.4M 1s\n'}
[49.393284] (multirobot_map_merge) StderrLine: {'line': b'  2100K .......... .......... .......... .......... .......... 13% 34.4M 1s\n'}
[49.394713] (multirobot_map_merge) StderrLine: {'line': b'  2150K .......... .......... .......... .......... .......... 14% 5.85M 1s\n'}
[49.420852] (multirobot_map_merge) StderrLine: {'line': b'  2200K .......... .......... .......... .......... .......... 14% 12.5M 1s\n'}
[49.426038] (multirobot_map_merge) StderrLine: {'line': b'  2250K .......... .......... .......... .......... .......... 14% 2.01M 1s\n'}
[49.432677] (multirobot_map_merge) StderrLine: {'line': b'  2300K .......... .......... .......... .......... .......... 15% 5.13M 1s\n'}
[49.448958] (multirobot_map_merge) StderrLine: {'line': b'  2350K .......... .......... .......... .......... .......... 15% 9.49M 1s\n'}
[49.457644] (multirobot_map_merge) StderrLine: {'line': b'  2400K .......... .......... .......... .......... .......... 15% 3.47M 2s\n'}
[49.458173] (multirobot_map_merge) StderrLine: {'line': b'  2450K .......... .......... .......... .......... .......... 15% 41.4M 1s\n'}
[49.458740] (multirobot_map_merge) StderrLine: {'line': b'  2500K .......... .......... .......... .......... .......... 16% 49.1M 1s\n'}
[49.466826] (multirobot_map_merge) StderrLine: {'line': b'  2550K .......... .......... .......... .......... .......... 16% 4.30M 1s\n'}
[49.469441] (multirobot_map_merge) StderrLine: {'line': b'  2600K .......... .......... .......... .......... .......... 16% 9.98M 1s\n'}
[49.488816] (multirobot_map_merge) StderrLine: {'line': b'  2650K .......... .......... .......... .......... .......... 17% 4.53M 1s\n'}
[49.489845] (-) TimerEvent: {}
[49.490187] (multirobot_map_merge) StderrLine: {'line': b'  2700K .......... .......... .......... .......... .......... 17% 25.3M 1s\n'}
[49.493764] (multirobot_map_merge) StderrLine: {'line': b'  2750K .......... .......... .......... .......... .......... 17% 36.1M 1s\n'}
[49.498714] (multirobot_map_merge) StderrLine: {'line': b'  2800K .......... .......... .......... .......... .......... 18% 3.10M 1s\n'}
[49.502853] (multirobot_map_merge) StderrLine: {'line': b'  2850K .......... .......... .......... .......... .......... 18% 22.4M 1s\n'}
[49.503284] (multirobot_map_merge) StderrLine: {'line': b'  2900K .......... .......... .......... .......... .......... 18% 42.9M 1s\n'}
[49.503634] (multirobot_map_merge) StderrLine: {'line': b'  2950K .......... .......... .......... .......... .......... 19% 39.7M 1s\n'}
[49.513916] (multirobot_map_merge) StderrLine: {'line': b'  3000K .......... .......... .......... .......... .......... 19% 18.9M 1s\n'}
[49.515003] (multirobot_map_merge) StderrLine: {'line': b'  3050K .......... .......... .......... .......... .......... 19% 5.29M 1s\n'}
[49.519334] (multirobot_map_merge) StderrLine: {'line': b'  3100K .......... .......... .......... .......... .......... 20% 31.0M 1s\n'}
[49.531615] (multirobot_map_merge) StderrLine: {'line': b'  3150K .......... .......... .......... .......... .......... 20% 7.40M 1s\n'}
[49.533890] (multirobot_map_merge) StderrLine: {'line': b'  3200K .......... .......... .......... .......... .......... 20% 4.93M 1s\n'}
[49.535991] (multirobot_map_merge) StderrLine: {'line': b'  3250K .......... .......... .......... .......... .......... 21% 15.9M 1s\n'}
[49.538740] (multirobot_map_merge) StderrLine: {'line': b'  3300K .......... .......... .......... .......... .......... 21% 26.9M 1s\n'}
[49.540851] (multirobot_map_merge) StderrLine: {'line': b'  3350K .......... .......... .......... .......... .......... 21% 16.1M 1s\n'}
[49.573075] (multirobot_map_merge) StderrLine: {'line': b'  3400K .......... .......... .......... .......... .......... 22% 1.57M 1s\n'}
[49.579031] (multirobot_map_merge) StderrLine: {'line': b'  3450K .......... .......... .......... .......... .......... 22% 7.14M 1s\n'}
[49.585440] (multirobot_map_merge) StderrLine: {'line': b'  3500K .......... .......... .......... .......... .......... 22% 7.91M 1s\n'}
[49.600719] (-) TimerEvent: {}
[49.604109] (multirobot_map_merge) StderrLine: {'line': b'  3550K .......... .......... .......... .......... .......... 23% 5.47M 1s\n'}
[49.612192] (multirobot_map_merge) StderrLine: {'line': b'  3600K .......... .......... .......... .......... .......... 23% 3.10M 1s\n'}
[49.616311] (multirobot_map_merge) StderrLine: {'line': b'  3650K .......... .......... .......... .......... .......... 23% 7.68M 1s\n'}
[49.618650] (multirobot_map_merge) StderrLine: {'line': b'  3700K .......... .......... .......... .......... .......... 23% 17.8M 1s\n'}
[49.621504] (multirobot_map_merge) StderrLine: {'line': b'  3750K .......... .......... .......... .......... .......... 24% 19.9M 1s\n'}
[49.633521] (multirobot_map_merge) StderrLine: {'line': b'  3800K .......... .......... .......... .......... .......... 24% 4.99M 1s\n'}
[49.636908] (multirobot_map_merge) StderrLine: {'line': b'  3850K .......... .......... .......... .......... .......... 24% 14.2M 1s\n'}
[49.656718] (multirobot_map_merge) StderrLine: {'line': b'  3900K .......... .......... .......... .......... .......... 25% 3.02M 1s\n'}
[49.664163] (multirobot_map_merge) StderrLine: {'line': b'  3950K .......... .......... .......... .......... .......... 25% 16.3M 1s\n'}
[49.707018] (-) TimerEvent: {}
[49.723074] (multirobot_map_merge) StderrLine: {'line': b'  4000K .......... .......... .......... .......... .......... 25% 2.85M 1s\n'}
[49.760366] (multirobot_map_merge) StderrLine: {'line': b'  4050K .......... .......... .......... .......... .......... 26%  690K 2s\n'}
[49.805451] (multirobot_map_merge) StderrLine: {'line': b'  4100K .......... .......... .......... .......... .......... 26% 1.07M 2s\n'}
[49.809025] (-) TimerEvent: {}
[49.813524] (multirobot_map_merge) StderrLine: {'line': b'  4150K .......... .......... .......... .......... .......... 26% 2.25M 2s\n'}
[49.819853] (multirobot_map_merge) StderrLine: {'line': b'  4200K .......... .......... .......... .......... .......... 27% 6.89M 2s\n'}
[49.835147] (multirobot_map_merge) StderrLine: {'line': b'  4250K .......... .......... .......... .......... .......... 27% 3.04M 2s\n'}
[49.852184] (multirobot_map_merge) StderrLine: {'line': b'  4300K .......... .......... .......... .......... .......... 27% 2.77M 2s\n'}
[49.865654] (multirobot_map_merge) StderrLine: {'line': b'  4350K .......... .......... .......... .......... .......... 28% 4.05M 2s\n'}
[49.867850] (multirobot_map_merge) StderrLine: {'line': b'  4400K .......... .......... .......... .......... .......... 28% 10.0M 2s\n'}
[49.869233] (multirobot_map_merge) StderrLine: {'line': b'  4450K .......... .......... .......... .......... .......... 28% 35.0M 2s\n'}
[49.883734] (multirobot_map_merge) StderrLine: {'line': b'  4500K .......... .......... .......... .......... .......... 29% 5.15M 2s\n'}
[49.896410] (multirobot_map_merge) StderrLine: {'line': b'  4550K .......... .......... .......... .......... .......... 29% 3.12M 2s\n'}
[49.898395] (multirobot_map_merge) StderrLine: {'line': b'  4600K .......... .......... .......... .......... .......... 29% 12.2M 2s\n'}
[49.900264] (multirobot_map_merge) StderrLine: {'line': b'  4650K .......... .......... .......... .......... .......... 30% 25.0M 2s\n'}
[49.929144] (-) TimerEvent: {}
[49.930975] (multirobot_map_merge) StderrLine: {'line': b'  4700K .......... .......... .......... .......... .......... 30% 2.06M 2s\n'}
[49.944046] (multirobot_map_merge) StderrLine: {'line': b'  4750K .......... .......... .......... .......... .......... 30% 3.50M 2s\n'}
[49.952305] (explore_lite_msgs) StdoutLine: {'line': b'[ 74%] Built target explore_lite_msgs__rosidl_typesupport_fastrtps_c\n'}
[49.961756] (explore_lite_msgs) StdoutLine: {'line': b'[ 74%] Built target explore_lite_msgs__rosidl_typesupport_fastrtps_cpp\n'}
[49.962171] (multirobot_map_merge) StderrLine: {'line': b'  4800K .......... .......... .......... .......... .......... 31% 3.33M 2s\n'}
[49.970397] (multirobot_map_merge) StderrLine: {'line': b'  4850K .......... .......... .......... .......... .......... 31% 3.24M 2s\n'}
[49.977549] (multirobot_map_merge) StderrLine: {'line': b'  4900K .......... .......... .......... .......... .......... 31% 6.46M 2s\n'}
[49.981867] (multirobot_map_merge) StderrLine: {'line': b'  4950K .......... .......... .......... .......... .......... 31% 9.19M 2s\n'}
[49.995229] (multirobot_map_merge) StderrLine: {'line': b'  5000K .......... .......... .......... .......... .......... 32% 6.31M 2s\n'}
[49.998438] (multirobot_map_merge) StderrLine: {'line': b'  5050K .......... .......... .......... .......... .......... 32% 5.64M 2s\n'}
[50.007034] (multirobot_map_merge) StderrLine: {'line': b'  5100K .......... .......... .......... .......... .......... 32% 6.78M 2s\n'}
[50.030015] (multirobot_map_merge) StderrLine: {'line': b'  5150K .......... .......... .......... .......... .......... 33% 2.52M 2s\n'}
[50.030464] (-) TimerEvent: {}
[50.045172] (multirobot_map_merge) StderrLine: {'line': b'  5200K .......... .......... .......... .......... .......... 33% 3.56M 2s\n'}
[50.074947] (multirobot_map_merge) StderrLine: {'line': b'  5250K .......... .......... .......... .......... .......... 33% 4.09M 2s\n'}
[50.086058] (multirobot_map_merge) StderrLine: {'line': b'  5300K .......... .......... .......... .......... .......... 34% 1.51M 2s\n'}
[50.100067] (multirobot_map_merge) StderrLine: {'line': b'  5350K .......... .......... .......... .......... .......... 34% 3.13M 2s\n'}
[50.112577] (multirobot_map_merge) StderrLine: {'line': b'  5400K .......... .......... .......... .......... .......... 34% 3.27M 2s\n'}
[50.116042] (multirobot_map_merge) StderrLine: {'line': b'  5450K .......... .......... .......... .......... .......... 35% 14.3M 2s\n'}
[50.117797] (multirobot_map_merge) StderrLine: {'line': b'  5500K .......... .......... .......... .......... .......... 35% 23.2M 2s\n'}
[50.130679] (multirobot_map_merge) StderrLine: {'line': b'  5550K .......... .......... .......... .......... .......... 35% 5.30M 2s\n'}
[50.131183] (-) TimerEvent: {}
[50.134941] (multirobot_map_merge) StderrLine: {'line': b'  5600K .......... .......... .......... .......... .......... 36% 6.94M 2s\n'}
[50.178246] (multirobot_map_merge) StderrLine: {'line': b'  5650K .......... .......... .......... .......... .......... 36% 2.74M 2s\n'}
[50.178653] (multirobot_map_merge) StderrLine: {'line': b'  5700K .......... .......... .......... .......... .......... 36% 3.55M 2s\n'}
[50.180949] (multirobot_map_merge) StderrLine: {'line': b'  5750K .......... .......... .......... .......... .......... 37% 4.52M 2s\n'}
[50.181595] (multirobot_map_merge) StderrLine: {'line': b'  5800K .......... .......... .......... .......... .......... 37% 12.0M 2s\n'}
[50.212000] (multirobot_map_merge) StderrLine: {'line': b'  5850K .......... .......... .......... .......... .......... 37% 4.73M 2s\n'}
[50.219455] (multirobot_map_merge) StderrLine: {'line': b'  5900K .......... .......... .......... .......... .......... 38% 1.73M 2s\n'}
[50.236538] (-) TimerEvent: {}
[50.240126] (multirobot_map_merge) StderrLine: {'line': b'  5950K .......... .......... .......... .......... .......... 38% 6.39M 2s\n'}
[50.248333] (multirobot_map_merge) StderrLine: {'line': b'  6000K .......... .......... .......... .......... .......... 38% 2.27M 2s\n'}
[50.251246] (multirobot_map_merge) StderrLine: {'line': b'  6050K .......... .......... .......... .......... .......... 39% 18.8M 2s\n'}
[50.257129] (multirobot_map_merge) StderrLine: {'line': b'  6100K .......... .......... .......... .......... .......... 39% 10.4M 2s\n'}
[50.269128] (multirobot_map_merge) StderrLine: {'line': b'  6150K .......... .......... .......... .......... .......... 39% 3.53M 2s\n'}
[50.286351] (multirobot_map_merge) StderrLine: {'line': b'  6200K .......... .......... .......... .......... .......... 39% 3.35M 2s\n'}
[50.312070] (multirobot_map_merge) StderrLine: {'line': b'  6250K .......... .......... .......... .......... .......... 40% 2.77M 2s\n'}
[50.312489] (multirobot_map_merge) StderrLine: {'line': b'  6300K .......... .......... .......... .......... .......... 40% 24.2M 2s\n'}
[50.324282] (multirobot_map_merge) StderrLine: {'line': b'  6350K .......... .......... .......... .......... .......... 40% 5.94M 2s\n'}
[50.330745] (multirobot_map_merge) StderrLine: {'line': b'  6400K .......... .......... .......... .......... .......... 41% 3.08M 2s\n'}
[50.344156] (multirobot_map_merge) StderrLine: {'line': b'  6450K .......... .......... .......... .......... .......... 41% 5.59M 2s\n'}
[50.344656] (-) TimerEvent: {}
[50.356619] (multirobot_map_merge) StderrLine: {'line': b'  6500K .......... .......... .......... .......... .......... 41% 2.76M 2s\n'}
[50.363564] (multirobot_map_merge) StderrLine: {'line': b'  6550K .......... .......... .......... .......... .......... 42% 5.58M 2s\n'}
[50.380383] (multirobot_map_merge) StderrLine: {'line': b'  6600K .......... .......... .......... .......... .......... 42% 3.09M 2s\n'}
[50.387422] (multirobot_map_merge) StderrLine: {'line': b'  6650K .......... .......... .......... .......... .......... 42% 5.77M 2s\n'}
[50.402500] (multirobot_map_merge) StderrLine: {'line': b'  6700K .......... .......... .......... .......... .......... 43% 16.7M 2s\n'}
[50.412703] (multirobot_map_merge) StderrLine: {'line': b'  6750K .......... .......... .......... .......... .......... 43% 2.46M 2s\n'}
[50.415080] (explore_lite_msgs) StdoutLine: {'line': b'[ 74%] Built target explore_lite_msgs\n'}
[50.433715] (multirobot_map_merge) StderrLine: {'line': b'  6800K .......... .......... .......... .......... .......... 43% 7.02M 2s\n'}
[50.450111] (multirobot_map_merge) StderrLine: {'line': b'  6850K .......... .......... .......... .......... .......... 44% 1.50M 2s\n'}
[50.450561] (-) TimerEvent: {}
[50.457459] (multirobot_map_merge) StderrLine: {'line': b'  6900K .......... .......... .......... .......... .......... 44% 12.5M 2s\n'}
[50.467362] (multirobot_map_merge) StderrLine: {'line': b'  6950K .......... .......... .......... .......... .......... 44% 3.56M 2s\n'}
[50.477633] (multirobot_map_merge) StderrLine: {'line': b'  7000K .......... .......... .......... .......... .......... 45% 5.03M 2s\n'}
[50.480984] (multirobot_map_merge) StderrLine: {'line': b'  7050K .......... .......... .......... .......... .......... 45% 14.8M 2s\n'}
[50.482542] (multirobot_map_merge) StderrLine: {'line': b'  7100K .......... .......... .......... .......... .......... 45% 19.1M 2s\n'}
[50.485035] (multirobot_map_merge) StderrLine: {'line': b'  7150K .......... .......... .......... .......... .......... 46% 28.8M 2s\n'}
[50.491208] (multirobot_map_merge) StderrLine: {'line': b'  7200K .......... .......... .......... .......... .......... 46% 36.5M 2s\n'}
[50.493575] (multirobot_map_merge) StderrLine: {'line': b'  7250K .......... .......... .......... .......... .......... 46% 7.32M 2s\n'}
[50.505355] (multirobot_map_merge) StderrLine: {'line': b'  7300K .......... .......... .......... .......... .......... 47% 10.8M 1s\n'}
[50.506748] (multirobot_map_merge) StderrLine: {'line': b'  7350K .......... .......... .......... .......... .......... 47% 9.31M 1s\n'}
[50.507948] (multirobot_map_merge) StderrLine: {'line': b'  7400K .......... .......... .......... .......... .......... 47% 11.1M 1s\n'}
[50.510225] (multirobot_map_merge) StderrLine: {'line': b'  7450K .......... .......... .......... .......... .......... 47% 12.1M 1s\n'}
[50.512853] (multirobot_map_merge) StderrLine: {'line': b'  7500K .......... .......... .......... .......... .......... 48% 32.0M 1s\n'}
[50.538597] (multirobot_map_merge) StderrLine: {'line': b'  7550K .......... .......... .......... .......... .......... 48% 19.2M 1s\n'}
[50.539038] (multirobot_map_merge) StderrLine: {'line': b'  7600K .......... .......... .......... .......... .......... 48% 9.74M 1s\n'}
[50.539318] (multirobot_map_merge) StderrLine: {'line': b'  7650K .......... .......... .......... .......... .......... 49% 3.83M 1s\n'}
[50.539592] (multirobot_map_merge) StderrLine: {'line': b'  7700K .......... .......... .......... .......... .......... 49% 14.9M 1s\n'}
[50.548117] (multirobot_map_merge) StderrLine: {'line': b'  7750K .......... .......... .......... .......... .......... 49% 6.02M 1s\n'}
[50.549650] (multirobot_map_merge) StderrLine: {'line': b'  7800K .......... .......... .......... .......... .......... 50% 9.17M 1s\n'}
[50.553888] (multirobot_map_merge) StderrLine: {'line': b'  7850K .......... .......... .......... .......... .......... 50% 18.1M 1s\n'}
[50.554329] (-) TimerEvent: {}
[50.555399] (multirobot_map_merge) StderrLine: {'line': b'  7900K .......... .......... .......... .......... .......... 50% 13.1M 1s\n'}
[50.570464] (multirobot_map_merge) StderrLine: {'line': b'  7950K .......... .......... .......... .......... .......... 51% 7.94M 1s\n'}
[50.575912] (multirobot_map_merge) StderrLine: {'line': b'  8000K .......... .......... .......... .......... .......... 51% 5.01M 1s\n'}
[50.581983] (multirobot_map_merge) StderrLine: {'line': b'  8050K .......... .......... .......... .......... .......... 51% 5.70M 1s\n'}
[50.582677] (multirobot_map_merge) StderrLine: {'line': b'  8100K .......... .......... .......... .......... .......... 52% 16.9M 1s\n'}
[50.589887] (multirobot_map_merge) StderrLine: {'line': b'  8150K .......... .......... .......... .......... .......... 52% 34.7M 1s\n'}
[50.598349] (multirobot_map_merge) StderrLine: {'line': b'  8200K .......... .......... .......... .......... .......... 52% 5.01M 1s\n'}
[50.607692] (multirobot_map_merge) StderrLine: {'line': b'  8250K .......... .......... .......... .......... .......... 53% 3.83M 1s\n'}
[50.610414] (multirobot_map_merge) StderrLine: {'line': b'  8300K .......... .......... .......... .......... .......... 53% 15.6M 1s\n'}
[50.636565] (multirobot_map_merge) StderrLine: {'line': b'  8350K .......... .......... .......... .......... .......... 53% 21.1M 1s\n'}
[50.638909] (multirobot_map_merge) StderrLine: {'line': b'  8400K .......... .......... .......... .......... .......... 54% 1.92M 1s\n'}
[50.648959] (multirobot_map_merge) StderrLine: {'line': b'  8450K .......... .......... .......... .......... .......... 54% 5.72M 1s\n'}
[50.650211] (multirobot_map_merge) StderrLine: {'line': b'  8500K .......... .......... .......... .......... .......... 54% 10.8M 1s\n'}
[50.651731] (multirobot_map_merge) StderrLine: {'line': b'  8550K .......... .......... .......... .......... .......... 55% 34.5M 1s\n'}
[50.657462] (multirobot_map_merge) StderrLine: {'line': b'  8600K .......... .......... .......... .......... .......... 55% 9.10M 1s\n'}
[50.657889] (-) TimerEvent: {}
[50.666971] (multirobot_map_merge) StderrLine: {'line': b'  8650K .......... .......... .......... .......... .......... 55% 5.39M 1s\n'}
[50.671649] (multirobot_map_merge) StderrLine: {'line': b'  8700K .......... .......... .......... .......... .......... 55% 8.93M 1s\n'}
[50.684566] (multirobot_map_merge) StderrLine: {'line': b'  8750K .......... .......... .......... .......... .......... 56% 9.28M 1s\n'}
[50.690969] (multirobot_map_merge) StderrLine: {'line': b'  8800K .......... .......... .......... .......... .......... 56% 3.48M 1s\n'}
[50.701413] (multirobot_map_merge) StderrLine: {'line': b'  8850K .......... .......... .......... .......... .......... 56% 14.8M 1s\n'}
[50.702245] (multirobot_map_merge) StderrLine: {'line': b'  8900K .......... .......... .......... .......... .......... 57% 6.42M 1s\n'}
[50.704131] (multirobot_map_merge) StderrLine: {'line': b'  8950K .......... .......... .......... .......... .......... 57% 19.9M 1s\n'}
[50.725348] (multirobot_map_merge) StderrLine: {'line': b'  9000K .......... .......... .......... .......... .......... 57% 16.0M 1s\n'}
[50.733607] (multirobot_map_merge) StderrLine: {'line': b'  9050K .......... .......... .......... .......... .......... 58% 2.15M 1s\n'}
[50.740847] (multirobot_map_merge) StderrLine: {'line': b'  9100K .......... .......... .......... .......... .......... 58% 5.12M 1s\n'}
[50.757010] (multirobot_map_merge) StderrLine: {'line': b'  9150K .......... .......... .......... .......... .......... 58% 5.42M 1s\n'}
[50.762677] (multirobot_map_merge) StderrLine: {'line': b'  9200K .......... .......... .......... .......... .......... 59% 4.39M 1s\n'}
[50.763340] (-) TimerEvent: {}
[50.764794] (multirobot_map_merge) StderrLine: {'line': b'  9250K .......... .......... .......... .......... .......... 59% 9.74M 1s\n'}
[50.767378] (multirobot_map_merge) StderrLine: {'line': b'  9300K .......... .......... .......... .......... .......... 59% 25.9M 1s\n'}
[50.768666] (multirobot_map_merge) StderrLine: {'line': b'  9350K .......... .......... .......... .......... .......... 60% 22.1M 1s\n'}
[50.770519] (multirobot_map_merge) StderrLine: {'line': b'  9400K .......... .......... .......... .......... .......... 60% 27.7M 1s\n'}
[50.787364] (multirobot_map_merge) StderrLine: {'line': b'  9450K .......... .......... .......... .......... .......... 60% 3.00M 1s\n'}
[50.797532] (multirobot_map_merge) StderrLine: {'line': b'  9500K .......... .......... .......... .......... .......... 61% 4.91M 1s\n'}
[50.819026] (multirobot_map_merge) StderrLine: {'line': b'  9550K .......... .......... .......... .......... .......... 61% 2.35M 1s\n'}
[50.835266] (multirobot_map_merge) StderrLine: {'line': b'  9600K .......... .......... .......... .......... .......... 61% 4.77M 1s\n'}
[50.847623] (multirobot_map_merge) StderrLine: {'line': b'  9650K .......... .......... .......... .......... .......... 62% 2.77M 1s\n'}
[50.848487] (multirobot_map_merge) StderrLine: {'line': b'  9700K .......... .......... .......... .......... .......... 62% 23.5M 1s\n'}
[50.857714] (multirobot_map_merge) StderrLine: {'line': b'  9750K .......... .......... .......... .......... .......... 62% 7.37M 1s\n'}
[50.861753] (explore_lite_msgs) StdoutLine: {'line': b'[ 77%] \x1b[34m\x1b[1mGenerating Python code for ROS interfaces\x1b[0m\n'}
[50.863969] (multirobot_map_merge) StderrLine: {'line': b'  9800K .......... .......... .......... .......... .......... 63% 7.79M 1s\n'}
[50.864402] (-) TimerEvent: {}
[50.875370] (multirobot_map_merge) StderrLine: {'line': b'  9850K .......... .......... .......... .......... .......... 63% 6.84M 1s\n'}
[50.882286] (multirobot_map_merge) StderrLine: {'line': b'  9900K .......... .......... .......... .......... .......... 63% 3.45M 1s\n'}
[50.910855] (multirobot_map_merge) StderrLine: {'line': b'  9950K .......... .......... .......... .......... .......... 63% 8.47M 1s\n'}
[50.923249] (multirobot_map_merge) StderrLine: {'line': b' 10000K .......... .......... .......... .......... .......... 64% 1.70M 1s\n'}
[50.923681] (multirobot_map_merge) StderrLine: {'line': b' 10050K .......... .......... .......... .......... .......... 64% 13.4M 1s\n'}
[50.923927] (multirobot_map_merge) StderrLine: {'line': b' 10100K .......... .......... .......... .......... .......... 64% 24.9M 1s\n'}
[50.929903] (multirobot_map_merge) StderrLine: {'line': b' 10150K .......... .......... .......... .......... .......... 65% 6.06M 1s\n'}
[50.936319] (multirobot_map_merge) StderrLine: {'line': b' 10200K .......... .......... .......... .......... .......... 65% 7.45M 1s\n'}
[50.941364] (multirobot_map_merge) StderrLine: {'line': b' 10250K .......... .......... .......... .......... .......... 65% 23.7M 1s\n'}
[50.951733] (multirobot_map_merge) StderrLine: {'line': b' 10300K .......... .......... .......... .......... .......... 66% 4.70M 1s\n'}
[50.952819] (multirobot_map_merge) StderrLine: {'line': b' 10350K .......... .......... .......... .......... .......... 66% 14.5M 1s\n'}
[50.958891] (multirobot_map_merge) StderrLine: {'line': b' 10400K .......... .......... .......... .......... .......... 66% 10.1M 1s\n'}
[50.974405] (-) TimerEvent: {}
[50.975587] (multirobot_map_merge) StderrLine: {'line': b' 10450K .......... .......... .......... .......... .......... 67% 4.05M 1s\n'}
[50.987037] (multirobot_map_merge) StderrLine: {'line': b' 10500K .......... .......... .......... .......... .......... 67% 3.76M 1s\n'}
[51.008713] (multirobot_map_merge) StderrLine: {'line': b' 10550K .......... .......... .......... .......... .......... 67% 10.0M 1s\n'}
[51.029031] (multirobot_map_merge) StderrLine: {'line': b' 10600K .......... .......... .......... .......... .......... 68% 1.50M 1s\n'}
[51.043334] (multirobot_map_merge) StderrLine: {'line': b' 10650K .......... .......... .......... .......... .......... 68% 2.81M 1s\n'}
[51.051802] (multirobot_map_merge) StderrLine: {'line': b' 10700K .......... .......... .......... .......... .......... 68% 3.37M 1s\n'}
[51.058925] (multirobot_map_merge) StderrLine: {'line': b' 10750K .......... .......... .......... .......... .......... 69% 8.14M 1s\n'}
[51.074013] (multirobot_map_merge) StderrLine: {'line': b' 10800K .......... .......... .......... .......... .......... 69% 6.93M 1s\n'}
[51.074461] (-) TimerEvent: {}
[51.074703] (multirobot_map_merge) StderrLine: {'line': b' 10850K .......... .......... .......... .......... .......... 69% 22.0M 1s\n'}
[51.075368] (multirobot_map_merge) StderrLine: {'line': b' 10900K .......... .......... .......... .......... .......... 70% 6.08M 1s\n'}
[51.084554] (multirobot_map_merge) StderrLine: {'line': b' 10950K .......... .......... .......... .......... .......... 70% 5.76M 1s\n'}
[51.113095] (multirobot_map_merge) StderrLine: {'line': b' 11000K .......... .......... .......... .......... .......... 70% 7.82M 1s\n'}
[51.120266] (multirobot_map_merge) StderrLine: {'line': b' 11050K .......... .......... .......... .......... .......... 71% 1.85M 1s\n'}
[51.131036] (multirobot_map_merge) StderrLine: {'line': b' 11100K .......... .......... .......... .......... .......... 71% 3.40M 1s\n'}
[51.151058] (multirobot_map_merge) StderrLine: {'line': b' 11150K .......... .......... .......... .......... .......... 71% 3.06M 1s\n'}
[51.151635] (multirobot_map_merge) StderrLine: {'line': b' 11200K .......... .......... .......... .......... .......... 71% 9.90M 1s\n'}
[51.154290] (multirobot_map_merge) StderrLine: {'line': b' 11250K .......... .......... .......... .......... .......... 72% 15.8M 1s\n'}
[51.168973] (multirobot_map_merge) StderrLine: {'line': b' 11300K .......... .......... .......... .......... .......... 72% 4.98M 1s\n'}
[51.173766] (multirobot_map_merge) StderrLine: {'line': b' 11350K .......... .......... .......... .......... .......... 72% 6.34M 1s\n'}
[51.177294] (-) TimerEvent: {}
[51.202241] (multirobot_map_merge) StderrLine: {'line': b' 11400K .......... .......... .......... .......... .......... 73% 7.18M 1s\n'}
[51.202835] (multirobot_map_merge) StderrLine: {'line': b' 11450K .......... .......... .......... .......... .......... 73% 8.65M 1s\n'}
[51.203149] (multirobot_map_merge) StderrLine: {'line': b' 11500K .......... .......... .......... .......... .......... 73% 18.0M 1s\n'}
[51.203422] (multirobot_map_merge) StderrLine: {'line': b' 11550K .......... .......... .......... .......... .......... 74% 5.36M 1s\n'}
[51.203673] (multirobot_map_merge) StderrLine: {'line': b' 11600K .......... .......... .......... .......... .......... 74% 14.9M 1s\n'}
[51.209434] (multirobot_map_merge) StderrLine: {'line': b' 11650K .......... .......... .......... .......... .......... 74% 19.2M 1s\n'}
[51.220598] (multirobot_map_merge) StderrLine: {'line': b' 11700K .......... .......... .......... .......... .......... 75% 3.10M 1s\n'}
[51.232030] (multirobot_map_merge) StderrLine: {'line': b' 11750K .......... .......... .......... .......... .......... 75% 4.30M 1s\n'}
[51.243695] (multirobot_map_merge) StderrLine: {'line': b' 11800K .......... .......... .......... .......... .......... 75% 3.66M 1s\n'}
[51.247644] (multirobot_map_merge) StderrLine: {'line': b' 11850K .......... .......... .......... .......... .......... 76% 10.4M 1s\n'}
[51.261737] (multirobot_map_merge) StderrLine: {'line': b' 11900K .......... .......... .......... .......... .......... 76% 3.45M 1s\n'}
[51.298503] (-) TimerEvent: {}
[51.301818] (multirobot_map_merge) StderrLine: {'line': b' 11950K .......... .......... .......... .......... .......... 76% 3.22M 1s\n'}
[51.313689] (multirobot_map_merge) StderrLine: {'line': b' 12000K .......... .......... .......... .......... .......... 77% 1.50M 1s\n'}
[51.323960] (multirobot_map_merge) StderrLine: {'line': b' 12050K .......... .......... .......... .......... .......... 77% 3.85M 1s\n'}
[51.341551] (multirobot_map_merge) StderrLine: {'line': b' 12100K .......... .......... .......... .......... .......... 77% 2.54M 1s\n'}
[51.349575] (multirobot_map_merge) StderrLine: {'line': b' 12150K .......... .......... .......... .......... .......... 78% 5.54M 1s\n'}
[51.351770] (multirobot_map_merge) StderrLine: {'line': b' 12200K .......... .......... .......... .......... .......... 78% 21.7M 1s\n'}
[51.361182] (multirobot_map_merge) StderrLine: {'line': b' 12250K .......... .......... .......... .......... .......... 78% 27.8M 1s\n'}
[51.361603] (multirobot_map_merge) StderrLine: {'line': b' 12300K .......... .......... .......... .......... .......... 79% 47.6M 1s\n'}
[51.361916] (multirobot_map_merge) StderrLine: {'line': b' 12350K .......... .......... .......... .......... .......... 79% 43.9M 1s\n'}
[51.362224] (multirobot_map_merge) StderrLine: {'line': b' 12400K .......... .......... .......... .......... .......... 79% 34.8M 1s\n'}
[51.362503] (multirobot_map_merge) StderrLine: {'line': b' 12450K .......... .......... .......... .......... .......... 79% 23.3M 1s\n'}
[51.362765] (multirobot_map_merge) StderrLine: {'line': b' 12500K .......... .......... .......... .......... .......... 80% 54.7M 1s\n'}
[51.365232] (multirobot_map_merge) StderrLine: {'line': b' 12550K .......... .......... .......... .......... .......... 80% 37.5M 1s\n'}
[51.375741] (multirobot_map_merge) StderrLine: {'line': b' 12600K .......... .......... .......... .......... .......... 80% 10.4M 1s\n'}
[51.376285] (multirobot_map_merge) StderrLine: {'line': b' 12650K .......... .......... .......... .......... .......... 81% 31.1M 1s\n'}
[51.376622] (multirobot_map_merge) StderrLine: {'line': b' 12700K .......... .......... .......... .......... .......... 81% 46.4M 0s\n'}
[51.377074] (multirobot_map_merge) StderrLine: {'line': b' 12750K .......... .......... .......... .......... .......... 81% 32.8M 0s\n'}
[51.379272] (multirobot_map_merge) StderrLine: {'line': b' 12800K .......... .......... .......... .......... .......... 82% 5.80M 0s\n'}
[51.379916] (multirobot_map_merge) StderrLine: {'line': b' 12850K .......... .......... .......... .......... .......... 82% 31.0M 0s\n'}
[51.382444] (multirobot_map_merge) StderrLine: {'line': b' 12900K .......... .......... .......... .......... .......... 82% 34.3M 0s\n'}
[51.388393] (multirobot_map_merge) StderrLine: {'line': b' 12950K .......... .......... .......... .......... .......... 83% 9.38M 0s\n'}
[51.408513] (-) TimerEvent: {}
[51.412399] (multirobot_map_merge) StderrLine: {'line': b' 13000K .......... .......... .......... .......... .......... 83% 2.19M 0s\n'}
[51.417756] (multirobot_map_merge) StderrLine: {'line': b' 13050K .......... .......... .......... .......... .......... 83% 5.60M 0s\n'}
[51.428749] (multirobot_map_merge) StderrLine: {'line': b' 13100K .......... .......... .......... .......... .......... 84% 7.84M 0s\n'}
[51.436952] (multirobot_map_merge) StderrLine: {'line': b' 13150K .......... .......... .......... .......... .......... 84% 7.64M 0s\n'}
[51.440819] (multirobot_map_merge) StderrLine: {'line': b' 13200K .......... .......... .......... .......... .......... 84% 5.23M 0s\n'}
[51.443581] (multirobot_map_merge) StderrLine: {'line': b' 13250K .......... .......... .......... .......... .......... 85% 16.0M 0s\n'}
[51.451546] (multirobot_map_merge) StderrLine: {'line': b' 13300K .......... .......... .......... .......... .......... 85% 11.6M 0s\n'}
[51.456682] (multirobot_map_merge) StderrLine: {'line': b' 13350K .......... .......... .......... .......... .......... 85% 8.71M 0s\n'}
[51.457209] (multirobot_map_merge) StderrLine: {'line': b' 13400K .......... .......... .......... .......... .......... 86% 27.9M 0s\n'}
[51.459175] (multirobot_map_merge) StderrLine: {'line': b' 13450K .......... .......... .......... .......... .......... 86% 12.9M 0s\n'}
[51.467702] (multirobot_map_merge) StderrLine: {'line': b' 13500K .......... .......... .......... .......... .......... 86% 13.1M 0s\n'}
[51.468748] (multirobot_map_merge) StderrLine: {'line': b' 13550K .......... .......... .......... .......... .......... 87% 7.21M 0s\n'}
[51.471503] (multirobot_map_merge) StderrLine: {'line': b' 13600K .......... .......... .......... .......... .......... 87% 23.0M 0s\n'}
[51.495950] (multirobot_map_merge) StderrLine: {'line': b' 13650K .......... .......... .......... .......... .......... 87% 2.30M 0s\n'}
[51.505426] (multirobot_map_merge) StderrLine: {'line': b' 13700K .......... .......... .......... .......... .......... 87% 3.99M 0s\n'}
[51.512546] (-) TimerEvent: {}
[51.520824] (multirobot_map_merge) StderrLine: {'line': b' 13750K .......... .......... .......... .......... .......... 88% 5.65M 0s\n'}
[51.521319] (multirobot_map_merge) StderrLine: {'line': b' 13800K .......... .......... .......... .......... .......... 88% 31.4M 0s\n'}
[51.522074] (multirobot_map_merge) StderrLine: {'line': b' 13850K .......... .......... .......... .......... .......... 88% 6.91M 0s\n'}
[51.534057] (multirobot_map_merge) StderrLine: {'line': b' 13900K .......... .......... .......... .......... .......... 89% 6.00M 0s\n'}
[51.542498] (multirobot_map_merge) StderrLine: {'line': b' 13950K .......... .......... .......... .......... .......... 89% 7.66M 0s\n'}
[51.547074] (multirobot_map_merge) StderrLine: {'line': b' 14000K .......... .......... .......... .......... .......... 89% 4.41M 0s\n'}
[51.553441] (multirobot_map_merge) StderrLine: {'line': b' 14050K .......... .......... .......... .......... .......... 90% 31.6M 0s\n'}
[51.557550] (multirobot_map_merge) StderrLine: {'line': b' 14100K .......... .......... .......... .......... .......... 90% 13.1M 0s\n'}
[51.558141] (multirobot_map_merge) StderrLine: {'line': b' 14150K .......... .......... .......... .......... .......... 90% 31.9M 0s\n'}
[51.563297] (multirobot_map_merge) StderrLine: {'line': b' 14200K .......... .......... .......... .......... .......... 91% 5.92M 0s\n'}
[51.571564] (multirobot_map_merge) StderrLine: {'line': b' 14250K .......... .......... .......... .......... .......... 91% 8.98M 0s\n'}
[51.572330] (multirobot_map_merge) StderrLine: {'line': b' 14300K .......... .......... .......... .......... .......... 91% 27.4M 0s\n'}
[51.572879] (multirobot_map_merge) StderrLine: {'line': b' 14350K .......... .......... .......... .......... .......... 92% 26.2M 0s\n'}
[51.580425] (multirobot_map_merge) StderrLine: {'line': b' 14400K .......... .......... .......... .......... .......... 92% 17.8M 0s\n'}
[51.581235] (multirobot_map_merge) StderrLine: {'line': b' 14450K .......... .......... .......... .......... .......... 92% 6.81M 0s\n'}
[51.603641] (multirobot_map_merge) StderrLine: {'line': b' 14500K .......... .......... .......... .......... .......... 93% 9.95M 0s\n'}
[51.608678] (multirobot_map_merge) StderrLine: {'line': b' 14550K .......... .......... .......... .......... .......... 93% 2.36M 0s\n'}
[51.615654] (multirobot_map_merge) StderrLine: {'line': b' 14600K .......... .......... .......... .......... .......... 93% 9.38M 0s\n'}
[51.616068] (-) TimerEvent: {}
[51.616280] (multirobot_map_merge) StderrLine: {'line': b' 14650K .......... .......... .......... .......... .......... 94% 22.3M 0s\n'}
[51.620828] (multirobot_map_merge) StderrLine: {'line': b' 14700K .......... .......... .......... .......... .......... 94% 27.7M 0s\n'}
[51.622576] (multirobot_map_merge) StderrLine: {'line': b' 14750K .......... .......... .......... .......... .......... 94% 7.87M 0s\n'}
[51.631850] (multirobot_map_merge) StderrLine: {'line': b' 14800K .......... .......... .......... .......... .......... 95% 5.08M 0s\n'}
[51.633583] (multirobot_map_merge) StderrLine: {'line': b' 14850K .......... .......... .......... .......... .......... 95% 28.6M 0s\n'}
[51.636385] (multirobot_map_merge) StderrLine: {'line': b' 14900K .......... .......... .......... .......... .......... 95% 17.1M 0s\n'}
[51.646487] (multirobot_map_merge) StderrLine: {'line': b' 14950K .......... .......... .......... .......... .......... 95% 24.3M 0s\n'}
[51.651429] (multirobot_map_merge) StderrLine: {'line': b' 15000K .......... .......... .......... .......... .......... 96% 4.62M 0s\n'}
[51.662144] (multirobot_map_merge) StderrLine: {'line': b' 15050K .......... .......... .......... .......... .......... 96% 3.92M 0s\n'}
[51.663260] (multirobot_map_merge) StderrLine: {'line': b' 15100K .......... .......... .......... .......... .......... 96% 22.9M 0s\n'}
[51.664364] (multirobot_map_merge) StderrLine: {'line': b' 15150K .......... .......... .......... .......... .......... 97% 56.9M 0s\n'}
[51.668153] (multirobot_map_merge) StderrLine: {'line': b' 15200K .......... .......... .......... .......... .......... 97% 42.2M 0s\n'}
[51.693716] (multirobot_map_merge) StderrLine: {'line': b' 15250K .......... .......... .......... .......... .......... 97% 52.9M 0s\n'}
[51.694127] (multirobot_map_merge) StderrLine: {'line': b' 15300K .......... .......... .......... .......... .......... 98% 74.6M 0s\n'}
[51.694389] (multirobot_map_merge) StderrLine: {'line': b' 15350K .......... .......... .......... .......... .......... 98% 64.8M 0s\n'}
[51.694650] (multirobot_map_merge) StderrLine: {'line': b' 15400K .......... .......... .......... .......... .......... 98% 76.1M 0s\n'}
[51.694912] (multirobot_map_merge) StderrLine: {'line': b' 15450K .......... .......... .......... .......... .......... 99% 75.0M 0s\n'}
[51.695188] (multirobot_map_merge) StderrLine: {'line': b' 15500K .......... .......... .......... .......... .......... 99% 65.2M 0s\n'}
[51.695445] (multirobot_map_merge) StderrLine: {'line': b' 15550K .......... .......... .......... .......... .......... 99% 68.0M 0s\n'}
[51.698384] (multirobot_map_merge) StderrLine: {'line': b' 15600K .......... .......... .....                           100% 55.2M=2.5s\n'}
[51.698705] (multirobot_map_merge) StderrLine: {'line': b'\n'}
[51.698986] (multirobot_map_merge) StderrLine: {'line': b'2026-07-30 19:26:37 (6.09 MB/s) - \xe2\x80\x98/home/paola/proyecto_robot/build/multirobot_map_merge/2012-01-28-11-12-01.pgm\xe2\x80\x99 saved [16000058/16000058]\n'}
[51.699284] (multirobot_map_merge) StderrLine: {'line': b'\n'}
[51.699582] (multirobot_map_merge) StdoutLine: {'line': b'Checking MD5 sum of /home/paola/proyecto_robot/build/multirobot_map_merge/2012-01-28-11-12-01.pgm\n'}
[51.726069] (-) TimerEvent: {}
[51.794940] (multirobot_map_merge) StdoutLine: {'line': b'/home/paola/proyecto_robot/build/multirobot_map_merge/2012-01-28-11-12-01.pgm: OK\n'}
[51.841209] (-) TimerEvent: {}
[51.896606] (multirobot_map_merge) StdoutLine: {'line': b"-- Found gtest sources under '/opt/ros/jazzy/src/gtest_vendor': C++ tests using 'Google Test' will be built\n"}
[51.943479] (multirobot_map_merge) StdoutLine: {'line': b'-- Found Threads: TRUE  \n'}
[51.943912] (-) TimerEvent: {}
[52.066102] (-) TimerEvent: {}
[52.175760] (-) TimerEvent: {}
[52.203752] (multirobot_map_merge) StdoutLine: {'line': b"-- Added test 'cppcheck' to perform static code analysis on C / C++ code\n"}
[52.204291] (multirobot_map_merge) StdoutLine: {'line': b'-- Configured cppcheck include dirs: /home/paola/proyecto_robot/src/m-explore-ros2/map_merge/include;$<BUILD_INTERFACE:/home/paola/proyecto_robot/src/m-explore-ros2/map_merge/include>\n'}
[52.204634] (multirobot_map_merge) StdoutLine: {'line': b'-- Configured cppcheck exclude dirs and/or files: \n'}
[52.259549] (multirobot_map_merge) StdoutLine: {'line': b"-- Added test 'flake8' to check Python code syntax and style conventions\n"}
[52.260004] (multirobot_map_merge) StdoutLine: {'line': b"-- Configured 'flake8' exclude dirs and/or files: \n"}
[52.280589] (-) TimerEvent: {}
[52.313906] (multirobot_map_merge) StdoutLine: {'line': b"-- Added test 'lint_cmake' to check CMake code style\n"}
[52.368464] (multirobot_map_merge) StdoutLine: {'line': b"-- Added test 'pep257' to check Python code against some of the docstring style conventions in PEP 257\n"}
[52.386933] (-) TimerEvent: {}
[52.454092] (multirobot_map_merge) StdoutLine: {'line': b"-- Added test 'uncrustify' to check C / C++ code style\n"}
[52.454536] (multirobot_map_merge) StdoutLine: {'line': b'-- Configured uncrustify additional arguments: \n'}
[52.494941] (-) TimerEvent: {}
[52.499447] (multirobot_map_merge) StdoutLine: {'line': b"-- Added test 'xmllint' to check XML markup files\n"}
[52.631184] (-) TimerEvent: {}
[52.664678] (multirobot_map_merge) StdoutLine: {'line': b'-- Configuring done (52.3s)\n'}
[52.707209] (explore_lite_msgs) StdoutLine: {'line': b'[ 77%] Built target explore_lite_msgs__py\n'}
[52.741768] (-) TimerEvent: {}
[52.857919] (-) TimerEvent: {}
[52.976581] (-) TimerEvent: {}
[53.095767] (-) TimerEvent: {}
[53.168762] (explore_lite_msgs) StdoutLine: {'line': b'[ 80%] \x1b[32mBuilding C object CMakeFiles/explore_lite_msgs__rosidl_generator_py.dir/rosidl_generator_py/explore_lite_msgs/msg/_explore_status_s.c.o\x1b[0m\n'}
[53.210042] (-) TimerEvent: {}
[53.319976] (-) TimerEvent: {}
[53.428275] (-) TimerEvent: {}
[53.541860] (-) TimerEvent: {}
[53.659384] (-) TimerEvent: {}
[53.778139] (-) TimerEvent: {}
[53.898884] (-) TimerEvent: {}
[54.006865] (-) TimerEvent: {}
[54.126808] (-) TimerEvent: {}
[54.238939] (-) TimerEvent: {}
[54.326147] (multirobot_map_merge) StdoutLine: {'line': b'-- Generating done (1.5s)\n'}
[54.344115] (-) TimerEvent: {}
[54.458102] (-) TimerEvent: {}
[54.563852] (-) TimerEvent: {}
[54.680716] (-) TimerEvent: {}
[54.748885] (multirobot_map_merge) StdoutLine: {'line': b'-- Build files have been written to: /home/paola/proyecto_robot/build/multirobot_map_merge\n'}
[54.773920] (multirobot_map_merge) CommandEnded: {'returncode': 0}
[54.776002] (multirobot_map_merge) JobProgress: {'identifier': 'multirobot_map_merge', 'progress': 'build'}
[54.781857] (multirobot_map_merge) Command: {'cmd': ['/usr/bin/cmake', '--build', '/home/paola/proyecto_robot/build/multirobot_map_merge', '--', '-j8', '-l8'], 'cwd': '/home/paola/proyecto_robot/build/multirobot_map_merge', 'env': OrderedDict({'PYTHON_BASIC_REPL': '1', 'LESSOPEN': '| /usr/bin/lesspipe %s', 'GZ_SIM_RESOURCE_PATH': '/opt/ros/jazzy/share', 'USER': 'paola', 'GZ_CONFIG_PATH': '/opt/ros/jazzy/opt/gz_sim_vendor/share/gz:/opt/ros/jazzy/opt/sdformat_vendor/share/gz:/opt/ros/jazzy/opt/gz_gui_vendor/share/gz:/opt/ros/jazzy/opt/gz_transport_vendor/share/gz:/opt/ros/jazzy/opt/gz_rendering_vendor/share/gz:/opt/ros/jazzy/opt/gz_plugin_vendor/share/gz:/opt/ros/jazzy/opt/gz_fuel_tools_vendor/share/gz:/opt/ros/jazzy/opt/gz_msgs_vendor/share/gz:/opt/ros/jazzy/opt/gz_common_vendor/share/gz', 'GIT_ASKPASS': '/home/paola/.vscode-server/bin/e4c7e7b1d6d060162f4aa7f8225271b67ce1df75/extensions/git/dist/askpass.sh', 'SHLVL': '1', 'LD_LIBRARY_PATH': '/opt/ros/jazzy/opt/gz_sim_vendor/lib:/opt/ros/jazzy/opt/gz_sensors_vendor/lib:/opt/ros/jazzy/opt/gz_physics_vendor/lib:/opt/ros/jazzy/opt/sdformat_vendor/lib:/opt/ros/jazzy/opt/rviz_ogre_vendor/lib:/opt/ros/jazzy/lib/x86_64-linux-gnu:/opt/ros/jazzy/opt/gz_gui_vendor/lib:/opt/ros/jazzy/opt/gz_transport_vendor/lib:/opt/ros/jazzy/opt/gz_rendering_vendor/lib:/opt/ros/jazzy/opt/gz_plugin_vendor/lib:/opt/ros/jazzy/opt/gz_fuel_tools_vendor/lib:/opt/ros/jazzy/opt/gz_msgs_vendor/lib:/opt/ros/jazzy/opt/gz_common_vendor/lib:/opt/ros/jazzy/opt/gz_math_vendor/lib:/opt/ros/jazzy/opt/gz_utils_vendor/lib:/opt/ros/jazzy/opt/gz_tools_vendor/lib:/opt/ros/jazzy/opt/gz_ogre_next_vendor/lib:/opt/ros/jazzy/opt/gz_dartsim_vendor/lib:/opt/ros/jazzy/opt/gz_cmake_vendor/lib:/opt/ros/jazzy/lib', 'HOME': '/home/paola', 'OLDPWD': '/home/paola/proyecto_robot', 'TERM_PROGRAM_VERSION': '1.131.0', 'VSCODE_IPC_HOOK_CLI': '/tmp/vscode-ipc-93b7701c-32f0-4318-ac18-55a3babd7074.sock', 'ROS_PYTHON_VERSION': '3', 'VSCODE_GIT_ASKPASS_MAIN': '/home/paola/.vscode-server/bin/e4c7e7b1d6d060162f4aa7f8225271b67ce1df75/extensions/git/dist/askpass-main.js', 'VSCODE_GIT_ASKPASS_NODE': '/home/paola/.vscode-server/bin/e4c7e7b1d6d060162f4aa7f8225271b67ce1df75/node', 'PYDEVD_DISABLE_FILE_VALIDATION': '1', 'BUNDLED_DEBUGPY_PATH': '/home/paola/.vscode-server/extensions/ms-python.debugpy-2026.6.0-linux-x64/bundled/libs/debugpy', 'VSCODE_PYTHON_AUTOACTIVATE_GUARD': '1', 'COLORTERM': 'truecolor', 'WSL_DISTRO_NAME': 'Ubuntu', 'ROS_DISTRO': 'jazzy', 'LOGNAME': 'paola', 'NAME': 'DESKTOP-C9CNUAF', '_': '/usr/bin/colcon', 'ROS_VERSION': '2', 'TERM': 'xterm-256color', 'PATH': '/opt/ros/jazzy/opt/gz_msgs_vendor/bin:/opt/ros/jazzy/opt/gz_tools_vendor/bin:/opt/ros/jazzy/opt/gz_ogre_next_vendor/bin:/opt/ros/jazzy/bin:/home/paola/.vscode-server/data/User/globalStorage/github.copilot-chat/debugCommand:/home/paola/.vscode-server/data/User/globalStorage/github.copilot-chat/copilotCli:/home/paola/.vscode-server/bin/e4c7e7b1d6d060162f4aa7f8225271b67ce1df75/bin/remote-cli:/usr/local/sbin:/usr/local/bin:/usr/sbin:/usr/bin:/sbin:/bin:/usr/games:/usr/local/games:/mnt/c/WINDOWS/system32:/mnt/c/WINDOWS:/mnt/c/WINDOWS/System32/Wbem:/mnt/c/WINDOWS/System32/WindowsPowerShell/v1.0/:/mnt/c/WINDOWS/System32/OpenSSH/:/mnt/c/Program Files/dotnet/:/mnt/c/Program Files (x86)/Windows Kits/10/Windows Performance Toolkit/:/mnt/c/Program Files/MATLAB/R2025b/bin:/mnt/c/Users/uwu/.local/bin:/mnt/c/Users/uwu/AppData/Local/Microsoft/WindowsApps:/mnt/c/Users/uwu/AppData/Local/Programs/Microsoft VS Code/bin:/home/paola/.vscode-server/extensions/ms-python.debugpy-2026.6.0-linux-x64/bundled/scripts/noConfigScripts', 'VSCODE_DEBUGPY_ADAPTER_ENDPOINTS': '/home/paola/.vscode-server/extensions/ms-python.debugpy-2026.6.0-linux-x64/.noConfigDebugAdapterEndpoints/endpoint-79ecb36eaea7da15.txt', 'LANG': 'en_US.UTF-8', 'PYTHONSTARTUP': '/home/paola/.vscode-server/data/User/workspaceStorage/cfd57e8d7c52e8f0bbc862210e679831/ms-python.python/pythonrc.py', 'LS_COLORS': 'rs=0:di=01;34:ln=01;36:mh=00:pi=40;33:so=01;35:do=01;35:bd=40;33;01:cd=40;33;01:or=40;31;01:mi=00:su=37;41:sg=30;43:ca=00:tw=30;42:ow=34;42:st=37;44:ex=01;32:*.tar=01;31:*.tgz=01;31:*.arc=01;31:*.arj=01;31:*.taz=01;31:*.lha=01;31:*.lz4=01;31:*.lzh=01;31:*.lzma=01;31:*.tlz=01;31:*.txz=01;31:*.tzo=01;31:*.t7z=01;31:*.zip=01;31:*.z=01;31:*.dz=01;31:*.gz=01;31:*.lrz=01;31:*.lz=01;31:*.lzo=01;31:*.xz=01;31:*.zst=01;31:*.tzst=01;31:*.bz2=01;31:*.bz=01;31:*.tbz=01;31:*.tbz2=01;31:*.tz=01;31:*.deb=01;31:*.rpm=01;31:*.jar=01;31:*.war=01;31:*.ear=01;31:*.sar=01;31:*.rar=01;31:*.alz=01;31:*.ace=01;31:*.zoo=01;31:*.cpio=01;31:*.7z=01;31:*.rz=01;31:*.cab=01;31:*.wim=01;31:*.swm=01;31:*.dwm=01;31:*.esd=01;31:*.avif=01;35:*.jpg=01;35:*.jpeg=01;35:*.mjpg=01;35:*.mjpeg=01;35:*.gif=01;35:*.bmp=01;35:*.pbm=01;35:*.pgm=01;35:*.ppm=01;35:*.tga=01;35:*.xbm=01;35:*.xpm=01;35:*.tif=01;35:*.tiff=01;35:*.png=01;35:*.svg=01;35:*.svgz=01;35:*.mng=01;35:*.pcx=01;35:*.mov=01;35:*.mpg=01;35:*.mpeg=01;35:*.m2v=01;35:*.mkv=01;35:*.webm=01;35:*.webp=01;35:*.ogm=01;35:*.mp4=01;35:*.m4v=01;35:*.mp4v=01;35:*.vob=01;35:*.qt=01;35:*.nuv=01;35:*.wmv=01;35:*.asf=01;35:*.rm=01;35:*.rmvb=01;35:*.flc=01;35:*.avi=01;35:*.fli=01;35:*.flv=01;35:*.gl=01;35:*.dl=01;35:*.xcf=01;35:*.xwd=01;35:*.yuv=01;35:*.cgm=01;35:*.emf=01;35:*.ogv=01;35:*.ogx=01;35:*.aac=00;36:*.au=00;36:*.flac=00;36:*.m4a=00;36:*.mid=00;36:*.midi=00;36:*.mka=00;36:*.mp3=00;36:*.mpc=00;36:*.ogg=00;36:*.ra=00;36:*.wav=00;36:*.oga=00;36:*.opus=00;36:*.spx=00;36:*.xspf=00;36:*~=00;90:*#=00;90:*.bak=00;90:*.crdownload=00;90:*.dpkg-dist=00;90:*.dpkg-new=00;90:*.dpkg-old=00;90:*.dpkg-tmp=00;90:*.old=00;90:*.orig=00;90:*.part=00;90:*.rej=00;90:*.rpmnew=00;90:*.rpmorig=00;90:*.rpmsave=00;90:*.swp=00;90:*.tmp=00;90:*.ucf-dist=00;90:*.ucf-new=00;90:*.ucf-old=00;90:', 'VSCODE_GIT_IPC_HANDLE': '/tmp/vscode-git-17ae9f2d4c.sock', 'TERM_PROGRAM': 'vscode', 'AMENT_PREFIX_PATH': '/opt/ros/jazzy', 'SHELL': '/bin/bash', 'LESSCLOSE': '/usr/bin/lesspipe %s %s', 'ROS_AUTOMATIC_DISCOVERY_RANGE': 'SUBNET', 'VSCODE_GIT_ASKPASS_EXTRA_ARGS': '', 'PWD': '/home/paola/proyecto_robot/build/multirobot_map_merge', 'COPILOT_DEBUG_NONCE': '1a3bbbcf88475a2624b7b109cb17b954', 'PYTHONPATH': '/opt/ros/jazzy/lib/python3.12/site-packages', 'COLCON': '1', 'HOSTTYPE': 'x86_64', 'CMAKE_PREFIX_PATH': '/opt/ros/jazzy/opt/gz_sim_vendor:/opt/ros/jazzy/opt/gz_sensors_vendor:/opt/ros/jazzy/opt/gz_physics_vendor:/opt/ros/jazzy/opt/sdformat_vendor:/opt/ros/jazzy/opt/gz_gui_vendor:/opt/ros/jazzy/opt/gz_transport_vendor:/opt/ros/jazzy/opt/gz_rendering_vendor:/opt/ros/jazzy/opt/gz_plugin_vendor:/opt/ros/jazzy/opt/gz_fuel_tools_vendor:/opt/ros/jazzy/opt/gz_msgs_vendor:/opt/ros/jazzy/opt/gz_common_vendor:/opt/ros/jazzy/opt/gz_math_vendor:/opt/ros/jazzy/opt/gz_utils_vendor:/opt/ros/jazzy/opt/gz_tools_vendor:/opt/ros/jazzy/opt/gz_ogre_next_vendor:/opt/ros/jazzy/opt/gz_dartsim_vendor:/opt/ros/jazzy/opt/gz_cmake_vendor:/opt/ros/jazzy', 'WSLENV': 'VSCODE_WSL_EXT_LOCATION/up:VSCODE_SERVER_TAR/up'}), 'shell': False}
[54.782637] (-) TimerEvent: {}
[54.901973] (-) TimerEvent: {}
[55.044007] (-) TimerEvent: {}
[55.154336] (-) TimerEvent: {}
[55.261135] (-) TimerEvent: {}
[55.373842] (-) TimerEvent: {}
[55.475046] (-) TimerEvent: {}
[55.595421] (-) TimerEvent: {}
[55.706827] (-) TimerEvent: {}
[55.830592] (-) TimerEvent: {}
[55.936724] (-) TimerEvent: {}
[55.970739] (multirobot_map_merge) StdoutLine: {'line': b'[  8%] \x1b[32mBuilding CXX object CMakeFiles/combine_grids.dir/src/combine_grids/grid_compositor.cpp.o\x1b[0m\n'}
[56.071843] (multirobot_map_merge) StdoutLine: {'line': b'[ 16%] \x1b[32mBuilding CXX object CMakeFiles/combine_grids.dir/src/combine_grids/merging_pipeline.cpp.o\x1b[0m\n'}
[56.072558] (-) TimerEvent: {}
[56.072791] (multirobot_map_merge) StdoutLine: {'line': b'[ 25%] \x1b[32mBuilding CXX object gtest/CMakeFiles/gtest_main.dir/src/gtest_main.cc.o\x1b[0m\n'}
[56.073086] (multirobot_map_merge) StdoutLine: {'line': b'[ 33%] \x1b[32mBuilding CXX object CMakeFiles/combine_grids.dir/src/combine_grids/grid_warper.cpp.o\x1b[0m\n'}
[56.165600] (multirobot_map_merge) StdoutLine: {'line': b'[ 41%] \x1b[32mBuilding CXX object gtest/CMakeFiles/gtest.dir/src/gtest-all.cc.o\x1b[0m\n'}
[56.197326] (-) TimerEvent: {}
[56.306752] (-) TimerEvent: {}
[56.424161] (-) TimerEvent: {}
[56.541663] (-) TimerEvent: {}
[56.672681] (-) TimerEvent: {}
[56.783720] (-) TimerEvent: {}
[56.901428] (-) TimerEvent: {}
[57.006704] (-) TimerEvent: {}
[57.130269] (-) TimerEvent: {}
[57.245353] (-) TimerEvent: {}
[57.358850] (-) TimerEvent: {}
[57.474641] (-) TimerEvent: {}
[57.575634] (-) TimerEvent: {}
[57.694701] (-) TimerEvent: {}
[57.808820] (-) TimerEvent: {}
[57.928841] (-) TimerEvent: {}
[58.045991] (-) TimerEvent: {}
[58.161079] (-) TimerEvent: {}
[58.293238] (-) TimerEvent: {}
[58.411440] (-) TimerEvent: {}
[58.523151] (-) TimerEvent: {}
[58.626257] (-) TimerEvent: {}
[58.741264] (-) TimerEvent: {}
[58.873567] (-) TimerEvent: {}
[58.969545] (explore_lite_msgs) StdoutLine: {'line': b'[ 82%] \x1b[32m\x1b[1mLinking C shared library libexplore_lite_msgs__rosidl_generator_py.so\x1b[0m\n'}
[58.978772] (-) TimerEvent: {}
[59.088170] (-) TimerEvent: {}
[59.192839] (-) TimerEvent: {}
[59.306744] (-) TimerEvent: {}
[59.410272] (-) TimerEvent: {}
[59.526639] (-) TimerEvent: {}
[59.641655] (-) TimerEvent: {}
[59.721830] (explore_lite_msgs) StdoutLine: {'line': b'[ 82%] Built target explore_lite_msgs__rosidl_generator_py\n'}
[59.749886] (-) TimerEvent: {}
[59.875244] (-) TimerEvent: {}
[59.994131] (-) TimerEvent: {}
[60.128862] (-) TimerEvent: {}
[60.245377] (-) TimerEvent: {}
[60.354679] (-) TimerEvent: {}
[60.407901] (explore_lite_msgs) StdoutLine: {'line': b'[ 85%] \x1b[32mBuilding C object CMakeFiles/explore_lite_msgs_s__rosidl_typesupport_fastrtps_c.dir/rosidl_generator_py/explore_lite_msgs/_explore_lite_msgs_s.ep.rosidl_typesupport_fastrtps_c.c.o\x1b[0m\n'}
[60.408300] (explore_lite_msgs) StdoutLine: {'line': b'[ 88%] \x1b[32mBuilding C object CMakeFiles/explore_lite_msgs_s__rosidl_typesupport_c.dir/rosidl_generator_py/explore_lite_msgs/_explore_lite_msgs_s.ep.rosidl_typesupport_c.c.o\x1b[0m\n'}
[60.446823] (explore_lite_msgs) StdoutLine: {'line': b'[ 91%] \x1b[32mBuilding C object CMakeFiles/explore_lite_msgs_s__rosidl_typesupport_introspection_c.dir/rosidl_generator_py/explore_lite_msgs/_explore_lite_msgs_s.ep.rosidl_typesupport_introspection_c.c.o\x1b[0m\n'}
[60.459759] (-) TimerEvent: {}
[60.574331] (-) TimerEvent: {}
[60.677686] (-) TimerEvent: {}
[60.793237] (-) TimerEvent: {}
[60.920913] (-) TimerEvent: {}
[61.039977] (-) TimerEvent: {}
[61.158944] (-) TimerEvent: {}
[61.293684] (-) TimerEvent: {}
[61.413992] (-) TimerEvent: {}
[61.526070] (-) TimerEvent: {}
[61.653431] (-) TimerEvent: {}
[61.773548] (-) TimerEvent: {}
[61.796525] (explore_lite_msgs) StdoutLine: {'line': b'[ 94%] \x1b[32m\x1b[1mLinking C shared module rosidl_generator_py/explore_lite_msgs/explore_lite_msgs_s__rosidl_typesupport_c.so\x1b[0m\n'}
[61.898586] (-) TimerEvent: {}
[61.953411] (explore_lite_msgs) StdoutLine: {'line': b'[ 97%] \x1b[32m\x1b[1mLinking C shared module rosidl_generator_py/explore_lite_msgs/explore_lite_msgs_s__rosidl_typesupport_introspection_c.so\x1b[0m\n'}
[62.010828] (-) TimerEvent: {}
[62.124727] (-) TimerEvent: {}
[62.241886] (-) TimerEvent: {}
[62.303772] (explore_lite_msgs) StdoutLine: {'line': b'[100%] \x1b[32m\x1b[1mLinking C shared module rosidl_generator_py/explore_lite_msgs/explore_lite_msgs_s__rosidl_typesupport_fastrtps_c.so\x1b[0m\n'}
[62.377392] (-) TimerEvent: {}
[62.492468] (-) TimerEvent: {}
[62.602795] (-) TimerEvent: {}
[62.727787] (-) TimerEvent: {}
[62.839670] (-) TimerEvent: {}
[62.951076] (-) TimerEvent: {}
[62.995871] (explore_lite_msgs) StdoutLine: {'line': b'[100%] Built target explore_lite_msgs_s__rosidl_typesupport_c\n'}
[62.996344] (explore_lite_msgs) StdoutLine: {'line': b'[100%] Built target explore_lite_msgs_s__rosidl_typesupport_introspection_c\n'}
[63.073023] (-) TimerEvent: {}
[63.203572] (-) TimerEvent: {}
[63.295696] (explore_lite_msgs) StdoutLine: {'line': b'[100%] Built target explore_lite_msgs_s__rosidl_typesupport_fastrtps_c\n'}
[63.306924] (-) TimerEvent: {}
[63.425488] (-) TimerEvent: {}
[63.540085] (-) TimerEvent: {}
[63.574972] (explore_lite_msgs) CommandEnded: {'returncode': 0}
[63.575726] (explore_lite_msgs) JobProgress: {'identifier': 'explore_lite_msgs', 'progress': 'install'}
[63.656682] (-) TimerEvent: {}
[63.758114] (-) TimerEvent: {}
[63.765614] (explore_lite_msgs) Command: {'cmd': ['/usr/bin/cmake', '--install', '/home/paola/proyecto_robot/build/explore_lite_msgs'], 'cwd': '/home/paola/proyecto_robot/build/explore_lite_msgs', 'env': OrderedDict({'PYTHON_BASIC_REPL': '1', 'LESSOPEN': '| /usr/bin/lesspipe %s', 'GZ_SIM_RESOURCE_PATH': '/opt/ros/jazzy/share', 'USER': 'paola', 'GZ_CONFIG_PATH': '/opt/ros/jazzy/opt/gz_sim_vendor/share/gz:/opt/ros/jazzy/opt/sdformat_vendor/share/gz:/opt/ros/jazzy/opt/gz_gui_vendor/share/gz:/opt/ros/jazzy/opt/gz_transport_vendor/share/gz:/opt/ros/jazzy/opt/gz_rendering_vendor/share/gz:/opt/ros/jazzy/opt/gz_plugin_vendor/share/gz:/opt/ros/jazzy/opt/gz_fuel_tools_vendor/share/gz:/opt/ros/jazzy/opt/gz_msgs_vendor/share/gz:/opt/ros/jazzy/opt/gz_common_vendor/share/gz', 'GIT_ASKPASS': '/home/paola/.vscode-server/bin/e4c7e7b1d6d060162f4aa7f8225271b67ce1df75/extensions/git/dist/askpass.sh', 'SHLVL': '1', 'LD_LIBRARY_PATH': '/opt/ros/jazzy/opt/gz_sim_vendor/lib:/opt/ros/jazzy/opt/gz_sensors_vendor/lib:/opt/ros/jazzy/opt/gz_physics_vendor/lib:/opt/ros/jazzy/opt/sdformat_vendor/lib:/opt/ros/jazzy/opt/rviz_ogre_vendor/lib:/opt/ros/jazzy/lib/x86_64-linux-gnu:/opt/ros/jazzy/opt/gz_gui_vendor/lib:/opt/ros/jazzy/opt/gz_transport_vendor/lib:/opt/ros/jazzy/opt/gz_rendering_vendor/lib:/opt/ros/jazzy/opt/gz_plugin_vendor/lib:/opt/ros/jazzy/opt/gz_fuel_tools_vendor/lib:/opt/ros/jazzy/opt/gz_msgs_vendor/lib:/opt/ros/jazzy/opt/gz_common_vendor/lib:/opt/ros/jazzy/opt/gz_math_vendor/lib:/opt/ros/jazzy/opt/gz_utils_vendor/lib:/opt/ros/jazzy/opt/gz_tools_vendor/lib:/opt/ros/jazzy/opt/gz_ogre_next_vendor/lib:/opt/ros/jazzy/opt/gz_dartsim_vendor/lib:/opt/ros/jazzy/opt/gz_cmake_vendor/lib:/opt/ros/jazzy/lib', 'HOME': '/home/paola', 'OLDPWD': '/home/paola/proyecto_robot', 'TERM_PROGRAM_VERSION': '1.131.0', 'VSCODE_IPC_HOOK_CLI': '/tmp/vscode-ipc-93b7701c-32f0-4318-ac18-55a3babd7074.sock', 'ROS_PYTHON_VERSION': '3', 'VSCODE_GIT_ASKPASS_MAIN': '/home/paola/.vscode-server/bin/e4c7e7b1d6d060162f4aa7f8225271b67ce1df75/extensions/git/dist/askpass-main.js', 'VSCODE_GIT_ASKPASS_NODE': '/home/paola/.vscode-server/bin/e4c7e7b1d6d060162f4aa7f8225271b67ce1df75/node', 'PYDEVD_DISABLE_FILE_VALIDATION': '1', 'BUNDLED_DEBUGPY_PATH': '/home/paola/.vscode-server/extensions/ms-python.debugpy-2026.6.0-linux-x64/bundled/libs/debugpy', 'VSCODE_PYTHON_AUTOACTIVATE_GUARD': '1', 'COLORTERM': 'truecolor', 'WSL_DISTRO_NAME': 'Ubuntu', 'ROS_DISTRO': 'jazzy', 'LOGNAME': 'paola', 'NAME': 'DESKTOP-C9CNUAF', '_': '/usr/bin/colcon', 'ROS_VERSION': '2', 'TERM': 'xterm-256color', 'PATH': '/opt/ros/jazzy/opt/gz_msgs_vendor/bin:/opt/ros/jazzy/opt/gz_tools_vendor/bin:/opt/ros/jazzy/opt/gz_ogre_next_vendor/bin:/opt/ros/jazzy/bin:/home/paola/.vscode-server/data/User/globalStorage/github.copilot-chat/debugCommand:/home/paola/.vscode-server/data/User/globalStorage/github.copilot-chat/copilotCli:/home/paola/.vscode-server/bin/e4c7e7b1d6d060162f4aa7f8225271b67ce1df75/bin/remote-cli:/usr/local/sbin:/usr/local/bin:/usr/sbin:/usr/bin:/sbin:/bin:/usr/games:/usr/local/games:/mnt/c/WINDOWS/system32:/mnt/c/WINDOWS:/mnt/c/WINDOWS/System32/Wbem:/mnt/c/WINDOWS/System32/WindowsPowerShell/v1.0/:/mnt/c/WINDOWS/System32/OpenSSH/:/mnt/c/Program Files/dotnet/:/mnt/c/Program Files (x86)/Windows Kits/10/Windows Performance Toolkit/:/mnt/c/Program Files/MATLAB/R2025b/bin:/mnt/c/Users/uwu/.local/bin:/mnt/c/Users/uwu/AppData/Local/Microsoft/WindowsApps:/mnt/c/Users/uwu/AppData/Local/Programs/Microsoft VS Code/bin:/home/paola/.vscode-server/extensions/ms-python.debugpy-2026.6.0-linux-x64/bundled/scripts/noConfigScripts', 'VSCODE_DEBUGPY_ADAPTER_ENDPOINTS': '/home/paola/.vscode-server/extensions/ms-python.debugpy-2026.6.0-linux-x64/.noConfigDebugAdapterEndpoints/endpoint-79ecb36eaea7da15.txt', 'LANG': 'en_US.UTF-8', 'PYTHONSTARTUP': '/home/paola/.vscode-server/data/User/workspaceStorage/cfd57e8d7c52e8f0bbc862210e679831/ms-python.python/pythonrc.py', 'LS_COLORS': 'rs=0:di=01;34:ln=01;36:mh=00:pi=40;33:so=01;35:do=01;35:bd=40;33;01:cd=40;33;01:or=40;31;01:mi=00:su=37;41:sg=30;43:ca=00:tw=30;42:ow=34;42:st=37;44:ex=01;32:*.tar=01;31:*.tgz=01;31:*.arc=01;31:*.arj=01;31:*.taz=01;31:*.lha=01;31:*.lz4=01;31:*.lzh=01;31:*.lzma=01;31:*.tlz=01;31:*.txz=01;31:*.tzo=01;31:*.t7z=01;31:*.zip=01;31:*.z=01;31:*.dz=01;31:*.gz=01;31:*.lrz=01;31:*.lz=01;31:*.lzo=01;31:*.xz=01;31:*.zst=01;31:*.tzst=01;31:*.bz2=01;31:*.bz=01;31:*.tbz=01;31:*.tbz2=01;31:*.tz=01;31:*.deb=01;31:*.rpm=01;31:*.jar=01;31:*.war=01;31:*.ear=01;31:*.sar=01;31:*.rar=01;31:*.alz=01;31:*.ace=01;31:*.zoo=01;31:*.cpio=01;31:*.7z=01;31:*.rz=01;31:*.cab=01;31:*.wim=01;31:*.swm=01;31:*.dwm=01;31:*.esd=01;31:*.avif=01;35:*.jpg=01;35:*.jpeg=01;35:*.mjpg=01;35:*.mjpeg=01;35:*.gif=01;35:*.bmp=01;35:*.pbm=01;35:*.pgm=01;35:*.ppm=01;35:*.tga=01;35:*.xbm=01;35:*.xpm=01;35:*.tif=01;35:*.tiff=01;35:*.png=01;35:*.svg=01;35:*.svgz=01;35:*.mng=01;35:*.pcx=01;35:*.mov=01;35:*.mpg=01;35:*.mpeg=01;35:*.m2v=01;35:*.mkv=01;35:*.webm=01;35:*.webp=01;35:*.ogm=01;35:*.mp4=01;35:*.m4v=01;35:*.mp4v=01;35:*.vob=01;35:*.qt=01;35:*.nuv=01;35:*.wmv=01;35:*.asf=01;35:*.rm=01;35:*.rmvb=01;35:*.flc=01;35:*.avi=01;35:*.fli=01;35:*.flv=01;35:*.gl=01;35:*.dl=01;35:*.xcf=01;35:*.xwd=01;35:*.yuv=01;35:*.cgm=01;35:*.emf=01;35:*.ogv=01;35:*.ogx=01;35:*.aac=00;36:*.au=00;36:*.flac=00;36:*.m4a=00;36:*.mid=00;36:*.midi=00;36:*.mka=00;36:*.mp3=00;36:*.mpc=00;36:*.ogg=00;36:*.ra=00;36:*.wav=00;36:*.oga=00;36:*.opus=00;36:*.spx=00;36:*.xspf=00;36:*~=00;90:*#=00;90:*.bak=00;90:*.crdownload=00;90:*.dpkg-dist=00;90:*.dpkg-new=00;90:*.dpkg-old=00;90:*.dpkg-tmp=00;90:*.old=00;90:*.orig=00;90:*.part=00;90:*.rej=00;90:*.rpmnew=00;90:*.rpmorig=00;90:*.rpmsave=00;90:*.swp=00;90:*.tmp=00;90:*.ucf-dist=00;90:*.ucf-new=00;90:*.ucf-old=00;90:', 'VSCODE_GIT_IPC_HANDLE': '/tmp/vscode-git-17ae9f2d4c.sock', 'TERM_PROGRAM': 'vscode', 'AMENT_PREFIX_PATH': '/opt/ros/jazzy', 'SHELL': '/bin/bash', 'LESSCLOSE': '/usr/bin/lesspipe %s %s', 'ROS_AUTOMATIC_DISCOVERY_RANGE': 'SUBNET', 'VSCODE_GIT_ASKPASS_EXTRA_ARGS': '', 'PWD': '/home/paola/proyecto_robot/build/explore_lite_msgs', 'COPILOT_DEBUG_NONCE': '1a3bbbcf88475a2624b7b109cb17b954', 'PYTHONPATH': '/opt/ros/jazzy/lib/python3.12/site-packages', 'COLCON': '1', 'HOSTTYPE': 'x86_64', 'CMAKE_PREFIX_PATH': '/opt/ros/jazzy/opt/gz_sim_vendor:/opt/ros/jazzy/opt/gz_sensors_vendor:/opt/ros/jazzy/opt/gz_physics_vendor:/opt/ros/jazzy/opt/sdformat_vendor:/opt/ros/jazzy/opt/gz_gui_vendor:/opt/ros/jazzy/opt/gz_transport_vendor:/opt/ros/jazzy/opt/gz_rendering_vendor:/opt/ros/jazzy/opt/gz_plugin_vendor:/opt/ros/jazzy/opt/gz_fuel_tools_vendor:/opt/ros/jazzy/opt/gz_msgs_vendor:/opt/ros/jazzy/opt/gz_common_vendor:/opt/ros/jazzy/opt/gz_math_vendor:/opt/ros/jazzy/opt/gz_utils_vendor:/opt/ros/jazzy/opt/gz_tools_vendor:/opt/ros/jazzy/opt/gz_ogre_next_vendor:/opt/ros/jazzy/opt/gz_dartsim_vendor:/opt/ros/jazzy/opt/gz_cmake_vendor:/opt/ros/jazzy', 'WSLENV': 'VSCODE_WSL_EXT_LOCATION/up:VSCODE_SERVER_TAR/up'}), 'shell': False}
[63.865126] (-) TimerEvent: {}
[63.969210] (multirobot_map_merge) StdoutLine: {'line': b'[ 50%] \x1b[32m\x1b[1mLinking CXX static library libgtest_main.a\x1b[0m\n'}
[63.969651] (-) TimerEvent: {}
[64.086057] (explore_lite_msgs) StdoutLine: {'line': b'-- Install configuration: ""\n'}
[64.091015] (-) TimerEvent: {}
[64.091378] (explore_lite_msgs) StdoutLine: {'line': b'-- Execute custom install script\n'}
[64.122868] (explore_lite_msgs) StdoutLine: {'line': b'-- Symlinking: /home/paola/proyecto_robot/install/explore_lite_msgs/share/ament_index/resource_index/rosidl_interfaces/explore_lite_msgs\n'}
[64.213390] (-) TimerEvent: {}
[64.394086] (-) TimerEvent: {}
[64.526808] (-) TimerEvent: {}
[64.548707] (explore_lite_msgs) StdoutLine: {'line': b'-- Symlinking: /home/paola/proyecto_robot/install/explore_lite_msgs/share/explore_lite_msgs/msg/ExploreStatus.json\n'}
[64.630906] (-) TimerEvent: {}
[64.743881] (-) TimerEvent: {}
[64.861417] (explore_lite_msgs) StdoutLine: {'line': b'-- Symlinking: /home/paola/proyecto_robot/install/explore_lite_msgs/include/explore_lite_msgs/explore_lite_msgs/msg/detail/explore_status__functions.h\n'}
[64.861846] (-) TimerEvent: {}
[64.963840] (-) TimerEvent: {}
[65.072672] (explore_lite_msgs) StdoutLine: {'line': b'-- Symlinking: /home/paola/proyecto_robot/install/explore_lite_msgs/include/explore_lite_msgs/explore_lite_msgs/msg/detail/explore_status__struct.h\n'}
[65.073123] (-) TimerEvent: {}
[65.184128] (-) TimerEvent: {}
[65.262596] (explore_lite_msgs) StdoutLine: {'line': b'-- Symlinking: /home/paola/proyecto_robot/install/explore_lite_msgs/include/explore_lite_msgs/explore_lite_msgs/msg/detail/explore_status__type_support.h\n'}
[65.280201] (multirobot_map_merge) StdoutLine: {'line': b'[ 50%] Built target gtest_main\n'}
[65.317852] (-) TimerEvent: {}
[65.446158] (-) TimerEvent: {}
[65.546907] (explore_lite_msgs) StdoutLine: {'line': b'-- Symlinking: /home/paola/proyecto_robot/install/explore_lite_msgs/include/explore_lite_msgs/explore_lite_msgs/msg/explore_status.h\n'}
[65.547558] (-) TimerEvent: {}
[65.659646] (-) TimerEvent: {}
[65.763210] (-) TimerEvent: {}
[65.803012] (explore_lite_msgs) StdoutLine: {'line': b'-- Symlinking: /home/paola/proyecto_robot/install/explore_lite_msgs/include/explore_lite_msgs/explore_lite_msgs/msg/rosidl_generator_c__visibility_control.h\n'}
[65.875713] (-) TimerEvent: {}
[65.987986] (-) TimerEvent: {}
[66.033064] (explore_lite_msgs) StdoutLine: {'line': b'-- Symlinking: /home/paola/proyecto_robot/install/explore_lite_msgs/share/explore_lite_msgs/environment/library_path.sh\n'}
[66.092244] (-) TimerEvent: {}
[66.205867] (-) TimerEvent: {}
[66.236011] (explore_lite_msgs) StdoutLine: {'line': b'-- Symlinking: /home/paola/proyecto_robot/install/explore_lite_msgs/share/explore_lite_msgs/environment/library_path.dsv\n'}
[66.312198] (-) TimerEvent: {}
[66.426112] (-) TimerEvent: {}
[66.452004] (explore_lite_msgs) StdoutLine: {'line': b'-- Symlinking: /home/paola/proyecto_robot/install/explore_lite_msgs/include/explore_lite_msgs/explore_lite_msgs/msg/detail/explore_status__rosidl_typesupport_fastrtps_c.h\n'}
[66.533386] (-) TimerEvent: {}
[66.644951] (-) TimerEvent: {}
[66.687626] (explore_lite_msgs) StdoutLine: {'line': b'-- Symlinking: /home/paola/proyecto_robot/install/explore_lite_msgs/include/explore_lite_msgs/explore_lite_msgs/msg/rosidl_typesupport_fastrtps_c__visibility_control.h\n'}
[66.769380] (-) TimerEvent: {}
[66.872090] (-) TimerEvent: {}
[66.913860] (explore_lite_msgs) StdoutLine: {'line': b'-- Symlinking: /home/paola/proyecto_robot/install/explore_lite_msgs/include/explore_lite_msgs/explore_lite_msgs/msg/detail/explore_status__rosidl_typesupport_introspection_c.h\n'}
[66.977200] (-) TimerEvent: {}
[67.083822] (-) TimerEvent: {}
[67.164866] (explore_lite_msgs) StdoutLine: {'line': b'-- Symlinking: /home/paola/proyecto_robot/install/explore_lite_msgs/include/explore_lite_msgs/explore_lite_msgs/msg/rosidl_typesupport_introspection_c__visibility_control.h\n'}
[67.193705] (-) TimerEvent: {}
[67.307290] (-) TimerEvent: {}
[67.376154] (explore_lite_msgs) StdoutLine: {'line': b'-- Symlinking: /home/paola/proyecto_robot/install/explore_lite_msgs/include/explore_lite_msgs/explore_lite_msgs/msg/detail/explore_status__builder.hpp\n'}
[67.423281] (-) TimerEvent: {}
[67.524225] (-) TimerEvent: {}
[67.592929] (explore_lite_msgs) StdoutLine: {'line': b'-- Symlinking: /home/paola/proyecto_robot/install/explore_lite_msgs/include/explore_lite_msgs/explore_lite_msgs/msg/detail/explore_status__struct.hpp\n'}
[67.633434] (-) TimerEvent: {}
[67.750918] (-) TimerEvent: {}
[67.848429] (explore_lite_msgs) StdoutLine: {'line': b'-- Symlinking: /home/paola/proyecto_robot/install/explore_lite_msgs/include/explore_lite_msgs/explore_lite_msgs/msg/detail/explore_status__traits.hpp\n'}
[67.866993] (-) TimerEvent: {}
[67.980642] (-) TimerEvent: {}
[68.071541] (explore_lite_msgs) StdoutLine: {'line': b'-- Symlinking: /home/paola/proyecto_robot/install/explore_lite_msgs/include/explore_lite_msgs/explore_lite_msgs/msg/detail/explore_status__type_support.hpp\n'}
[68.086167] (-) TimerEvent: {}
[68.189434] (-) TimerEvent: {}
[68.289005] (explore_lite_msgs) StdoutLine: {'line': b'-- Symlinking: /home/paola/proyecto_robot/install/explore_lite_msgs/include/explore_lite_msgs/explore_lite_msgs/msg/explore_status.hpp\n'}
[68.289804] (-) TimerEvent: {}
[68.423235] (-) TimerEvent: {}
[68.493355] (explore_lite_msgs) StdoutLine: {'line': b'-- Symlinking: /home/paola/proyecto_robot/install/explore_lite_msgs/include/explore_lite_msgs/explore_lite_msgs/msg/rosidl_generator_cpp__visibility_control.hpp\n'}
[68.524062] (-) TimerEvent: {}
[68.625186] (-) TimerEvent: {}
[68.684430] (explore_lite_msgs) StdoutLine: {'line': b'-- Symlinking: /home/paola/proyecto_robot/install/explore_lite_msgs/include/explore_lite_msgs/explore_lite_msgs/msg/detail/explore_status__rosidl_typesupport_fastrtps_cpp.hpp\n'}
[68.744317] (-) TimerEvent: {}
[68.856588] (-) TimerEvent: {}
[68.869755] (explore_lite_msgs) StdoutLine: {'line': b'-- Symlinking: /home/paola/proyecto_robot/install/explore_lite_msgs/include/explore_lite_msgs/explore_lite_msgs/msg/rosidl_typesupport_fastrtps_cpp__visibility_control.h\n'}
[68.957033] (-) TimerEvent: {}
[69.073238] (-) TimerEvent: {}
[69.100667] (explore_lite_msgs) StdoutLine: {'line': b'-- Symlinking: /home/paola/proyecto_robot/install/explore_lite_msgs/include/explore_lite_msgs/explore_lite_msgs/msg/detail/explore_status__rosidl_typesupport_introspection_cpp.hpp\n'}
[69.175826] (-) TimerEvent: {}
[69.292491] (-) TimerEvent: {}
[69.326167] (explore_lite_msgs) StdoutLine: {'line': b'-- Symlinking: /home/paola/proyecto_robot/install/explore_lite_msgs/share/explore_lite_msgs/environment/pythonpath.sh\n'}
[69.402375] (-) TimerEvent: {}
[69.510297] (-) TimerEvent: {}
[69.513515] (explore_lite_msgs) StdoutLine: {'line': b'-- Symlinking: /home/paola/proyecto_robot/install/explore_lite_msgs/share/explore_lite_msgs/environment/pythonpath.dsv\n'}
[69.624658] (-) TimerEvent: {}
[69.705219] (explore_lite_msgs) StdoutLine: {'line': b'-- Symlinking: /home/paola/proyecto_robot/install/explore_lite_msgs/lib/python3.12/site-packages/explore_lite_msgs-1.0.0-py3.12.egg-info/PKG-INFO\n'}
[69.739579] (-) TimerEvent: {}
[69.860605] (-) TimerEvent: {}
[69.915390] (explore_lite_msgs) StdoutLine: {'line': b'-- Symlinking: /home/paola/proyecto_robot/install/explore_lite_msgs/lib/python3.12/site-packages/explore_lite_msgs-1.0.0-py3.12.egg-info/SOURCES.txt\n'}
[69.976750] (-) TimerEvent: {}
[70.094809] (-) TimerEvent: {}
[70.103053] (explore_lite_msgs) StdoutLine: {'line': b'-- Symlinking: /home/paola/proyecto_robot/install/explore_lite_msgs/lib/python3.12/site-packages/explore_lite_msgs-1.0.0-py3.12.egg-info/dependency_links.txt\n'}
[70.211765] (-) TimerEvent: {}
[70.295187] (explore_lite_msgs) StdoutLine: {'line': b'-- Symlinking: /home/paola/proyecto_robot/install/explore_lite_msgs/lib/python3.12/site-packages/explore_lite_msgs-1.0.0-py3.12.egg-info/top_level.txt\n'}
[70.324378] (-) TimerEvent: {}
[70.445729] (-) TimerEvent: {}
[70.519825] (explore_lite_msgs) StdoutLine: {'line': b'-- Symlinking: /home/paola/proyecto_robot/install/explore_lite_msgs/lib/python3.12/site-packages/explore_lite_msgs/__init__.py\n'}
[70.561781] (-) TimerEvent: {}
[70.668057] (-) TimerEvent: {}
[70.701005] (explore_lite_msgs) StdoutLine: {'line': b'-- Symlinking: /home/paola/proyecto_robot/install/explore_lite_msgs/lib/python3.12/site-packages/explore_lite_msgs/_explore_lite_msgs_s.ep.rosidl_typesupport_c.c\n'}
[70.782056] (-) TimerEvent: {}
[70.891733] (-) TimerEvent: {}
[70.981562] (explore_lite_msgs) StdoutLine: {'line': b'-- Symlinking: /home/paola/proyecto_robot/install/explore_lite_msgs/lib/python3.12/site-packages/explore_lite_msgs/_explore_lite_msgs_s.ep.rosidl_typesupport_fastrtps_c.c\n'}
[71.005634] (-) TimerEvent: {}
[71.109077] (-) TimerEvent: {}
[71.172924] (explore_lite_msgs) StdoutLine: {'line': b'-- Symlinking: /home/paola/proyecto_robot/install/explore_lite_msgs/lib/python3.12/site-packages/explore_lite_msgs/_explore_lite_msgs_s.ep.rosidl_typesupport_introspection_c.c\n'}
[71.225867] (-) TimerEvent: {}
[71.335938] (-) TimerEvent: {}
[71.461237] (-) TimerEvent: {}
[71.491368] (explore_lite_msgs) StdoutLine: {'line': b'-- Symlinking: /home/paola/proyecto_robot/install/explore_lite_msgs/lib/python3.12/site-packages/explore_lite_msgs/explore_lite_msgs_s__rosidl_typesupport_c.so\n'}
[71.586530] (-) TimerEvent: {}
[71.689944] (-) TimerEvent: {}
[71.730877] (explore_lite_msgs) StdoutLine: {'line': b'-- Symlinking: /home/paola/proyecto_robot/install/explore_lite_msgs/lib/python3.12/site-packages/explore_lite_msgs/explore_lite_msgs_s__rosidl_typesupport_fastrtps_c.so\n'}
[71.791319] (-) TimerEvent: {}
[71.894780] (-) TimerEvent: {}
[71.946287] (explore_lite_msgs) StdoutLine: {'line': b'-- Symlinking: /home/paola/proyecto_robot/install/explore_lite_msgs/lib/python3.12/site-packages/explore_lite_msgs/explore_lite_msgs_s__rosidl_typesupport_introspection_c.so\n'}
[72.016973] (-) TimerEvent: {}
[72.124088] (-) TimerEvent: {}
[72.168888] (explore_lite_msgs) StdoutLine: {'line': b'-- Symlinking: /home/paola/proyecto_robot/install/explore_lite_msgs/lib/python3.12/site-packages/explore_lite_msgs/msg/__init__.py\n'}
[72.239701] (-) TimerEvent: {}
[72.327980] (explore_lite_msgs) StdoutLine: {'line': b'-- Symlinking: /home/paola/proyecto_robot/install/explore_lite_msgs/lib/python3.12/site-packages/explore_lite_msgs/msg/_explore_status.py\n'}
[72.342387] (-) TimerEvent: {}
[72.462201] (-) TimerEvent: {}
[72.538283] (explore_lite_msgs) StdoutLine: {'line': b'-- Symlinking: /home/paola/proyecto_robot/install/explore_lite_msgs/lib/python3.12/site-packages/explore_lite_msgs/msg/_explore_status_s.c\n'}
[72.577060] (-) TimerEvent: {}
[72.689031] (-) TimerEvent: {}
[72.735754] (explore_lite_msgs) StdoutLine: {'line': b'-- Up-to-date symlink: /home/paola/proyecto_robot/install/explore_lite_msgs/lib/python3.12/site-packages/explore_lite_msgs/explore_lite_msgs_s__rosidl_typesupport_fastrtps_c.so\n'}
[72.737958] (explore_lite_msgs) StdoutLine: {'line': b'-- Up-to-date symlink: /home/paola/proyecto_robot/install/explore_lite_msgs/lib/python3.12/site-packages/explore_lite_msgs/explore_lite_msgs_s__rosidl_typesupport_introspection_c.so\n'}
[72.738374] (explore_lite_msgs) StdoutLine: {'line': b'-- Up-to-date symlink: /home/paola/proyecto_robot/install/explore_lite_msgs/lib/python3.12/site-packages/explore_lite_msgs/explore_lite_msgs_s__rosidl_typesupport_c.so\n'}
[72.738705] (explore_lite_msgs) StdoutLine: {'line': b'-- Symlinking: /home/paola/proyecto_robot/install/explore_lite_msgs/share/ament_index/resource_index/rust_packages/explore_lite_msgs\n'}
[72.795453] (-) TimerEvent: {}
[72.921615] (-) TimerEvent: {}
[72.980118] (explore_lite_msgs) StdoutLine: {'line': b'-- Symlinking: /home/paola/proyecto_robot/install/explore_lite_msgs/share/explore_lite_msgs/rust/Cargo.toml\n'}
[73.030550] (-) TimerEvent: {}
[73.139420] (-) TimerEvent: {}
[73.246543] (explore_lite_msgs) StdoutLine: {'line': b'-- Symlinking: /home/paola/proyecto_robot/install/explore_lite_msgs/share/explore_lite_msgs/rust/build.rs\n'}
[73.247000] (-) TimerEvent: {}
[73.364939] (-) TimerEvent: {}
[73.479251] (-) TimerEvent: {}
[73.492297] (explore_lite_msgs) StdoutLine: {'line': b'-- Symlinking: /home/paola/proyecto_robot/install/explore_lite_msgs/share/explore_lite_msgs/rust/src/lib.rs\n'}
[73.596092] (-) TimerEvent: {}
[73.683493] (explore_lite_msgs) StdoutLine: {'line': b'-- Symlinking: /home/paola/proyecto_robot/install/explore_lite_msgs/share/explore_lite_msgs/rust/src/msg.rs\n'}
[73.707989] (-) TimerEvent: {}
[73.826696] (-) TimerEvent: {}
[73.928932] (explore_lite_msgs) StdoutLine: {'line': b'-- Symlinking: /home/paola/proyecto_robot/install/explore_lite_msgs/share/explore_lite_msgs/rust/src/msg/rmw.rs\n'}
[73.929429] (-) TimerEvent: {}
[74.043635] (-) TimerEvent: {}
[74.160522] (explore_lite_msgs) StdoutLine: {'line': b'-- Symlinking: /home/paola/proyecto_robot/install/explore_lite_msgs/share/explore_lite_msgs/msg/ExploreStatus.idl\n'}
[74.160934] (-) TimerEvent: {}
[74.267842] (-) TimerEvent: {}
[74.359881] (explore_lite_msgs) StdoutLine: {'line': b'-- Symlinking: /home/paola/proyecto_robot/install/explore_lite_msgs/share/explore_lite_msgs/msg/ExploreStatus.msg\n'}
[74.372740] (-) TimerEvent: {}
[74.477091] (-) TimerEvent: {}
[74.588882] (-) TimerEvent: {}
[74.595319] (explore_lite_msgs) StdoutLine: {'line': b'-- Symlinking: /home/paola/proyecto_robot/install/explore_lite_msgs/share/ament_index/resource_index/package_run_dependencies/explore_lite_msgs\n'}
[74.690180] (-) TimerEvent: {}
[74.796417] (-) TimerEvent: {}
[74.849846] (explore_lite_msgs) StdoutLine: {'line': b'-- Symlinking: /home/paola/proyecto_robot/install/explore_lite_msgs/share/ament_index/resource_index/parent_prefix_path/explore_lite_msgs\n'}
[74.922647] (-) TimerEvent: {}
[75.030671] (-) TimerEvent: {}
[75.069886] (explore_lite_msgs) StdoutLine: {'line': b'-- Symlinking: /home/paola/proyecto_robot/install/explore_lite_msgs/share/explore_lite_msgs/environment/ament_prefix_path.sh\n'}
[75.139912] (-) TimerEvent: {}
[75.243535] (-) TimerEvent: {}
[75.336031] (explore_lite_msgs) StdoutLine: {'line': b'-- Symlinking: /home/paola/proyecto_robot/install/explore_lite_msgs/share/explore_lite_msgs/environment/ament_prefix_path.dsv\n'}
[75.367226] (-) TimerEvent: {}
[75.472195] (-) TimerEvent: {}
[75.575314] (-) TimerEvent: {}
[75.633185] (explore_lite_msgs) StdoutLine: {'line': b'-- Symlinking: /home/paola/proyecto_robot/install/explore_lite_msgs/share/explore_lite_msgs/environment/path.sh\n'}
[75.696958] (-) TimerEvent: {}
[75.832474] (-) TimerEvent: {}
[75.909667] (explore_lite_msgs) StdoutLine: {'line': b'-- Symlinking: /home/paola/proyecto_robot/install/explore_lite_msgs/share/explore_lite_msgs/environment/path.dsv\n'}
[75.938297] (-) TimerEvent: {}
[76.049162] (-) TimerEvent: {}
[76.134640] (explore_lite_msgs) StdoutLine: {'line': b'-- Symlinking: /home/paola/proyecto_robot/install/explore_lite_msgs/share/explore_lite_msgs/local_setup.bash\n'}
[76.163197] (-) TimerEvent: {}
[76.272217] (-) TimerEvent: {}
[76.331722] (explore_lite_msgs) StdoutLine: {'line': b'-- Symlinking: /home/paola/proyecto_robot/install/explore_lite_msgs/share/explore_lite_msgs/local_setup.sh\n'}
[76.386206] (-) TimerEvent: {}
[76.488787] (-) TimerEvent: {}
[76.521242] (multirobot_map_merge) StdoutLine: {'line': b'[ 58%] \x1b[32m\x1b[1mLinking CXX static library libgtest.a\x1b[0m\n'}
[76.525832] (explore_lite_msgs) StdoutLine: {'line': b'-- Symlinking: /home/paola/proyecto_robot/install/explore_lite_msgs/share/explore_lite_msgs/local_setup.zsh\n'}
[76.590408] (-) TimerEvent: {}
[76.705266] (-) TimerEvent: {}
[76.724055] (explore_lite_msgs) StdoutLine: {'line': b'-- Symlinking: /home/paola/proyecto_robot/install/explore_lite_msgs/share/explore_lite_msgs/local_setup.dsv\n'}
[76.810708] (-) TimerEvent: {}
[76.927150] (-) TimerEvent: {}
[76.951683] (explore_lite_msgs) StdoutLine: {'line': b'-- Symlinking: /home/paola/proyecto_robot/install/explore_lite_msgs/share/explore_lite_msgs/package.dsv\n'}
[77.038977] (-) TimerEvent: {}
[77.157417] (-) TimerEvent: {}
[77.168960] (explore_lite_msgs) StdoutLine: {'line': b'-- Symlinking: /home/paola/proyecto_robot/install/explore_lite_msgs/share/ament_index/resource_index/packages/explore_lite_msgs\n'}
[77.269665] (-) TimerEvent: {}
[77.361667] (explore_lite_msgs) StdoutLine: {'line': b'-- Symlinking: /home/paola/proyecto_robot/install/explore_lite_msgs/share/explore_lite_msgs/cmake/rosidl_cmake-extras.cmake\n'}
[77.376353] (-) TimerEvent: {}
[77.494054] (-) TimerEvent: {}
[77.503390] (multirobot_map_merge) StdoutLine: {'line': b'[ 58%] Built target gtest\n'}
[77.567558] (explore_lite_msgs) StdoutLine: {'line': b'-- Symlinking: /home/paola/proyecto_robot/install/explore_lite_msgs/share/explore_lite_msgs/cmake/ament_cmake_export_include_directories-extras.cmake\n'}
[77.604180] (-) TimerEvent: {}
[77.717649] (-) TimerEvent: {}
[77.782210] (explore_lite_msgs) StdoutLine: {'line': b'-- Symlinking: /home/paola/proyecto_robot/install/explore_lite_msgs/share/explore_lite_msgs/cmake/ament_cmake_export_libraries-extras.cmake\n'}
[77.825584] (-) TimerEvent: {}
[77.937795] (-) TimerEvent: {}
[78.006912] (explore_lite_msgs) StdoutLine: {'line': b'-- Symlinking: /home/paola/proyecto_robot/install/explore_lite_msgs/share/explore_lite_msgs/cmake/ament_cmake_export_targets-extras.cmake\n'}
[78.051233] (-) TimerEvent: {}
[78.160024] (-) TimerEvent: {}
[78.216856] (explore_lite_msgs) StdoutLine: {'line': b'-- Symlinking: /home/paola/proyecto_robot/install/explore_lite_msgs/share/explore_lite_msgs/cmake/rosidl_cmake_export_typesupport_targets-extras.cmake\n'}
[78.275143] (-) TimerEvent: {}
[78.376411] (-) TimerEvent: {}
[78.411142] (explore_lite_msgs) StdoutLine: {'line': b'-- Symlinking: /home/paola/proyecto_robot/install/explore_lite_msgs/share/explore_lite_msgs/cmake/ament_cmake_export_dependencies-extras.cmake\n'}
[78.500678] (-) TimerEvent: {}
[78.606543] (-) TimerEvent: {}
[78.631995] (explore_lite_msgs) StdoutLine: {'line': b'-- Symlinking: /home/paola/proyecto_robot/install/explore_lite_msgs/share/explore_lite_msgs/cmake/rosidl_cmake_export_typesupport_libraries-extras.cmake\n'}
[78.710933] (-) TimerEvent: {}
[78.826756] (-) TimerEvent: {}
[78.914275] (explore_lite_msgs) StdoutLine: {'line': b'-- Symlinking: /home/paola/proyecto_robot/install/explore_lite_msgs/share/explore_lite_msgs/cmake/rosidl_cmake_aggregate_target-extras.cmake\n'}
[78.934449] (-) TimerEvent: {}
[79.041180] (-) TimerEvent: {}
[79.150266] (explore_lite_msgs) StdoutLine: {'line': b'-- Symlinking: /home/paola/proyecto_robot/install/explore_lite_msgs/share/explore_lite_msgs/cmake/explore_lite_msgsConfig.cmake\n'}
[79.150717] (-) TimerEvent: {}
[79.277446] (-) TimerEvent: {}
[79.388862] (-) TimerEvent: {}
[79.464091] (explore_lite_msgs) StdoutLine: {'line': b'-- Symlinking: /home/paola/proyecto_robot/install/explore_lite_msgs/share/explore_lite_msgs/cmake/explore_lite_msgsConfig-version.cmake\n'}
[79.493201] (-) TimerEvent: {}
[79.609249] (-) TimerEvent: {}
[79.663093] (explore_lite_msgs) StdoutLine: {'line': b'-- Symlinking: /home/paola/proyecto_robot/install/explore_lite_msgs/share/explore_lite_msgs/package.xml\n'}
[79.722460] (-) TimerEvent: {}
[79.834881] (-) TimerEvent: {}
[79.901197] (explore_lite_msgs) StdoutLine: {'line': b'-- Installing: /home/paola/proyecto_robot/install/explore_lite_msgs/lib/libexplore_lite_msgs__rosidl_generator_c.so\n'}
[79.940899] (explore_lite_msgs) StdoutLine: {'line': b'-- Set non-toolchain portion of runtime path of "/home/paola/proyecto_robot/install/explore_lite_msgs/lib/libexplore_lite_msgs__rosidl_generator_c.so" to ""\n'}
[79.941355] (-) TimerEvent: {}
[79.941659] (explore_lite_msgs) StdoutLine: {'line': b'-- Installing: /home/paola/proyecto_robot/install/explore_lite_msgs/lib/libexplore_lite_msgs__rosidl_typesupport_fastrtps_c.so\n'}
[79.991569] (explore_lite_msgs) StdoutLine: {'line': b'-- Set non-toolchain portion of runtime path of "/home/paola/proyecto_robot/install/explore_lite_msgs/lib/libexplore_lite_msgs__rosidl_typesupport_fastrtps_c.so" to ""\n'}
[79.992175] (explore_lite_msgs) StdoutLine: {'line': b'-- Installing: /home/paola/proyecto_robot/install/explore_lite_msgs/lib/libexplore_lite_msgs__rosidl_typesupport_introspection_c.so\n'}
[79.994923] (explore_lite_msgs) StdoutLine: {'line': b'-- Set non-toolchain portion of runtime path of "/home/paola/proyecto_robot/install/explore_lite_msgs/lib/libexplore_lite_msgs__rosidl_typesupport_introspection_c.so" to ""\n'}
[79.995700] (explore_lite_msgs) StdoutLine: {'line': b'-- Installing: /home/paola/proyecto_robot/install/explore_lite_msgs/lib/libexplore_lite_msgs__rosidl_typesupport_c.so\n'}
[80.035559] (explore_lite_msgs) StdoutLine: {'line': b'-- Set non-toolchain portion of runtime path of "/home/paola/proyecto_robot/install/explore_lite_msgs/lib/libexplore_lite_msgs__rosidl_typesupport_c.so" to ""\n'}
[80.043239] (-) TimerEvent: {}
[80.043644] (explore_lite_msgs) StdoutLine: {'line': b'-- Installing: /home/paola/proyecto_robot/install/explore_lite_msgs/lib/libexplore_lite_msgs__rosidl_typesupport_fastrtps_cpp.so\n'}
[80.080967] (explore_lite_msgs) StdoutLine: {'line': b'-- Set non-toolchain portion of runtime path of "/home/paola/proyecto_robot/install/explore_lite_msgs/lib/libexplore_lite_msgs__rosidl_typesupport_fastrtps_cpp.so" to ""\n'}
[80.081557] (explore_lite_msgs) StdoutLine: {'line': b'-- Installing: /home/paola/proyecto_robot/install/explore_lite_msgs/lib/libexplore_lite_msgs__rosidl_typesupport_introspection_cpp.so\n'}
[80.118803] (explore_lite_msgs) StdoutLine: {'line': b'-- Set non-toolchain portion of runtime path of "/home/paola/proyecto_robot/install/explore_lite_msgs/lib/libexplore_lite_msgs__rosidl_typesupport_introspection_cpp.so" to ""\n'}
[80.124354] (explore_lite_msgs) StdoutLine: {'line': b'-- Installing: /home/paola/proyecto_robot/install/explore_lite_msgs/lib/libexplore_lite_msgs__rosidl_typesupport_cpp.so\n'}
[80.154285] (-) TimerEvent: {}
[80.168972] (explore_lite_msgs) StdoutLine: {'line': b'-- Set non-toolchain portion of runtime path of "/home/paola/proyecto_robot/install/explore_lite_msgs/lib/libexplore_lite_msgs__rosidl_typesupport_cpp.so" to ""\n'}
[80.258086] (-) TimerEvent: {}
[80.376777] (-) TimerEvent: {}
[80.468433] (explore_lite_msgs) StdoutLine: {'line': b"Listing '/home/paola/proyecto_robot/install/explore_lite_msgs/lib/python3.12/site-packages/explore_lite_msgs'...\n"}
[80.468859] (explore_lite_msgs) StdoutLine: {'line': b"Compiling '/home/paola/proyecto_robot/install/explore_lite_msgs/lib/python3.12/site-packages/explore_lite_msgs/__init__.py'...\n"}
[80.469121] (explore_lite_msgs) StdoutLine: {'line': b"Listing '/home/paola/proyecto_robot/install/explore_lite_msgs/lib/python3.12/site-packages/explore_lite_msgs/msg'...\n"}
[80.469380] (explore_lite_msgs) StdoutLine: {'line': b"Compiling '/home/paola/proyecto_robot/install/explore_lite_msgs/lib/python3.12/site-packages/explore_lite_msgs/msg/__init__.py'...\n"}
[80.472019] (explore_lite_msgs) StdoutLine: {'line': b"Compiling '/home/paola/proyecto_robot/install/explore_lite_msgs/lib/python3.12/site-packages/explore_lite_msgs/msg/_explore_status.py'...\n"}
[80.483090] (explore_lite_msgs) StdoutLine: {'line': b'-- Installing: /home/paola/proyecto_robot/install/explore_lite_msgs/lib/libexplore_lite_msgs__rosidl_generator_py.so\n'}
[80.483526] (-) TimerEvent: {}
[80.519880] (explore_lite_msgs) StdoutLine: {'line': b'-- Set non-toolchain portion of runtime path of "/home/paola/proyecto_robot/install/explore_lite_msgs/lib/libexplore_lite_msgs__rosidl_generator_py.so" to ""\n'}
[80.520392] (explore_lite_msgs) StdoutLine: {'line': b'-- Installing: /home/paola/proyecto_robot/install/explore_lite_msgs/share/explore_lite_msgs/cmake/export_explore_lite_msgs__rosidl_generator_cExport.cmake\n'}
[80.526773] (explore_lite_msgs) StdoutLine: {'line': b'-- Installing: /home/paola/proyecto_robot/install/explore_lite_msgs/share/explore_lite_msgs/cmake/export_explore_lite_msgs__rosidl_generator_cExport-noconfig.cmake\n'}
[80.550523] (explore_lite_msgs) StdoutLine: {'line': b'-- Installing: /home/paola/proyecto_robot/install/explore_lite_msgs/share/explore_lite_msgs/cmake/export_explore_lite_msgs__rosidl_typesupport_fastrtps_cExport.cmake\n'}
[80.552315] (explore_lite_msgs) StdoutLine: {'line': b'-- Installing: /home/paola/proyecto_robot/install/explore_lite_msgs/share/explore_lite_msgs/cmake/export_explore_lite_msgs__rosidl_typesupport_fastrtps_cExport-noconfig.cmake\n'}
[80.552611] (explore_lite_msgs) StdoutLine: {'line': b'-- Installing: /home/paola/proyecto_robot/install/explore_lite_msgs/share/explore_lite_msgs/cmake/explore_lite_msgs__rosidl_typesupport_introspection_cExport.cmake\n'}
[80.558904] (explore_lite_msgs) StdoutLine: {'line': b'-- Installing: /home/paola/proyecto_robot/install/explore_lite_msgs/share/explore_lite_msgs/cmake/explore_lite_msgs__rosidl_typesupport_introspection_cExport-noconfig.cmake\n'}
[80.559893] (explore_lite_msgs) StdoutLine: {'line': b'-- Installing: /home/paola/proyecto_robot/install/explore_lite_msgs/share/explore_lite_msgs/cmake/explore_lite_msgs__rosidl_typesupport_cExport.cmake\n'}
[80.566408] (explore_lite_msgs) StdoutLine: {'line': b'-- Installing: /home/paola/proyecto_robot/install/explore_lite_msgs/share/explore_lite_msgs/cmake/explore_lite_msgs__rosidl_typesupport_cExport-noconfig.cmake\n'}
[80.581369] (explore_lite_msgs) StdoutLine: {'line': b'-- Installing: /home/paola/proyecto_robot/install/explore_lite_msgs/share/explore_lite_msgs/cmake/export_explore_lite_msgs__rosidl_generator_cppExport.cmake\n'}
[80.582515] (explore_lite_msgs) StdoutLine: {'line': b'-- Installing: /home/paola/proyecto_robot/install/explore_lite_msgs/share/explore_lite_msgs/cmake/export_explore_lite_msgs__rosidl_typesupport_fastrtps_cppExport.cmake\n'}
[80.585248] (explore_lite_msgs) StdoutLine: {'line': b'-- Installing: /home/paola/proyecto_robot/install/explore_lite_msgs/share/explore_lite_msgs/cmake/export_explore_lite_msgs__rosidl_typesupport_fastrtps_cppExport-noconfig.cmake\n'}
[80.585700] (-) TimerEvent: {}
[80.593169] (explore_lite_msgs) StdoutLine: {'line': b'-- Installing: /home/paola/proyecto_robot/install/explore_lite_msgs/share/explore_lite_msgs/cmake/explore_lite_msgs__rosidl_typesupport_introspection_cppExport.cmake\n'}
[80.607728] (explore_lite_msgs) StdoutLine: {'line': b'-- Installing: /home/paola/proyecto_robot/install/explore_lite_msgs/share/explore_lite_msgs/cmake/explore_lite_msgs__rosidl_typesupport_introspection_cppExport-noconfig.cmake\n'}
[80.611834] (explore_lite_msgs) StdoutLine: {'line': b'-- Installing: /home/paola/proyecto_robot/install/explore_lite_msgs/share/explore_lite_msgs/cmake/explore_lite_msgs__rosidl_typesupport_cppExport.cmake\n'}
[80.617252] (explore_lite_msgs) StdoutLine: {'line': b'-- Installing: /home/paola/proyecto_robot/install/explore_lite_msgs/share/explore_lite_msgs/cmake/explore_lite_msgs__rosidl_typesupport_cppExport-noconfig.cmake\n'}
[80.631090] (explore_lite_msgs) StdoutLine: {'line': b'-- Installing: /home/paola/proyecto_robot/install/explore_lite_msgs/share/explore_lite_msgs/cmake/export_explore_lite_msgs__rosidl_generator_pyExport.cmake\n'}
[80.631545] (explore_lite_msgs) StdoutLine: {'line': b'-- Installing: /home/paola/proyecto_robot/install/explore_lite_msgs/share/explore_lite_msgs/cmake/export_explore_lite_msgs__rosidl_generator_pyExport-noconfig.cmake\n'}
[80.653912] (explore_lite_msgs) CommandEnded: {'returncode': 0}
[80.690828] (-) TimerEvent: {}
[80.811922] (-) TimerEvent: {}
[80.863356] (explore_lite_msgs) JobEnded: {'identifier': 'explore_lite_msgs', 'rc': 0}
[80.872839] (explore_lite) JobStarted: {'identifier': 'explore_lite'}
[80.921919] (-) TimerEvent: {}
[81.033099] (-) TimerEvent: {}
[81.138290] (-) TimerEvent: {}
[81.150741] (explore_lite) JobProgress: {'identifier': 'explore_lite', 'progress': 'cmake'}
[81.150894] (explore_lite) Command: {'cmd': ['/usr/bin/cmake', '/home/paola/proyecto_robot/src/m-explore-ros2/explore', '-DAMENT_CMAKE_SYMLINK_INSTALL=1', '-DCMAKE_INSTALL_PREFIX=/home/paola/proyecto_robot/install/explore_lite'], 'cwd': '/home/paola/proyecto_robot/build/explore_lite', 'env': OrderedDict({'PYTHON_BASIC_REPL': '1', 'LESSOPEN': '| /usr/bin/lesspipe %s', 'GZ_SIM_RESOURCE_PATH': '/opt/ros/jazzy/share', 'USER': 'paola', 'GZ_CONFIG_PATH': '/opt/ros/jazzy/opt/gz_sim_vendor/share/gz:/opt/ros/jazzy/opt/sdformat_vendor/share/gz:/opt/ros/jazzy/opt/gz_gui_vendor/share/gz:/opt/ros/jazzy/opt/gz_transport_vendor/share/gz:/opt/ros/jazzy/opt/gz_rendering_vendor/share/gz:/opt/ros/jazzy/opt/gz_plugin_vendor/share/gz:/opt/ros/jazzy/opt/gz_fuel_tools_vendor/share/gz:/opt/ros/jazzy/opt/gz_msgs_vendor/share/gz:/opt/ros/jazzy/opt/gz_common_vendor/share/gz', 'GIT_ASKPASS': '/home/paola/.vscode-server/bin/e4c7e7b1d6d060162f4aa7f8225271b67ce1df75/extensions/git/dist/askpass.sh', 'SHLVL': '1', 'LD_LIBRARY_PATH': '/home/paola/proyecto_robot/install/explore_lite_msgs/lib:/opt/ros/jazzy/opt/gz_sim_vendor/lib:/opt/ros/jazzy/opt/gz_sensors_vendor/lib:/opt/ros/jazzy/opt/gz_physics_vendor/lib:/opt/ros/jazzy/opt/sdformat_vendor/lib:/opt/ros/jazzy/opt/rviz_ogre_vendor/lib:/opt/ros/jazzy/lib/x86_64-linux-gnu:/opt/ros/jazzy/opt/gz_gui_vendor/lib:/opt/ros/jazzy/opt/gz_transport_vendor/lib:/opt/ros/jazzy/opt/gz_rendering_vendor/lib:/opt/ros/jazzy/opt/gz_plugin_vendor/lib:/opt/ros/jazzy/opt/gz_fuel_tools_vendor/lib:/opt/ros/jazzy/opt/gz_msgs_vendor/lib:/opt/ros/jazzy/opt/gz_common_vendor/lib:/opt/ros/jazzy/opt/gz_math_vendor/lib:/opt/ros/jazzy/opt/gz_utils_vendor/lib:/opt/ros/jazzy/opt/gz_tools_vendor/lib:/opt/ros/jazzy/opt/gz_ogre_next_vendor/lib:/opt/ros/jazzy/opt/gz_dartsim_vendor/lib:/opt/ros/jazzy/opt/gz_cmake_vendor/lib:/opt/ros/jazzy/lib', 'HOME': '/home/paola', 'OLDPWD': '/home/paola/proyecto_robot', 'TERM_PROGRAM_VERSION': '1.131.0', 'VSCODE_IPC_HOOK_CLI': '/tmp/vscode-ipc-93b7701c-32f0-4318-ac18-55a3babd7074.sock', 'ROS_PYTHON_VERSION': '3', 'VSCODE_GIT_ASKPASS_MAIN': '/home/paola/.vscode-server/bin/e4c7e7b1d6d060162f4aa7f8225271b67ce1df75/extensions/git/dist/askpass-main.js', 'VSCODE_GIT_ASKPASS_NODE': '/home/paola/.vscode-server/bin/e4c7e7b1d6d060162f4aa7f8225271b67ce1df75/node', 'PYDEVD_DISABLE_FILE_VALIDATION': '1', 'BUNDLED_DEBUGPY_PATH': '/home/paola/.vscode-server/extensions/ms-python.debugpy-2026.6.0-linux-x64/bundled/libs/debugpy', 'VSCODE_PYTHON_AUTOACTIVATE_GUARD': '1', 'COLORTERM': 'truecolor', 'WSL_DISTRO_NAME': 'Ubuntu', 'ROS_DISTRO': 'jazzy', 'LOGNAME': 'paola', 'NAME': 'DESKTOP-C9CNUAF', '_': '/usr/bin/colcon', 'ROS_VERSION': '2', 'TERM': 'xterm-256color', 'PATH': '/opt/ros/jazzy/opt/gz_msgs_vendor/bin:/opt/ros/jazzy/opt/gz_tools_vendor/bin:/opt/ros/jazzy/opt/gz_ogre_next_vendor/bin:/opt/ros/jazzy/bin:/home/paola/.vscode-server/data/User/globalStorage/github.copilot-chat/debugCommand:/home/paola/.vscode-server/data/User/globalStorage/github.copilot-chat/copilotCli:/home/paola/.vscode-server/bin/e4c7e7b1d6d060162f4aa7f8225271b67ce1df75/bin/remote-cli:/usr/local/sbin:/usr/local/bin:/usr/sbin:/usr/bin:/sbin:/bin:/usr/games:/usr/local/games:/mnt/c/WINDOWS/system32:/mnt/c/WINDOWS:/mnt/c/WINDOWS/System32/Wbem:/mnt/c/WINDOWS/System32/WindowsPowerShell/v1.0/:/mnt/c/WINDOWS/System32/OpenSSH/:/mnt/c/Program Files/dotnet/:/mnt/c/Program Files (x86)/Windows Kits/10/Windows Performance Toolkit/:/mnt/c/Program Files/MATLAB/R2025b/bin:/mnt/c/Users/uwu/.local/bin:/mnt/c/Users/uwu/AppData/Local/Microsoft/WindowsApps:/mnt/c/Users/uwu/AppData/Local/Programs/Microsoft VS Code/bin:/home/paola/.vscode-server/extensions/ms-python.debugpy-2026.6.0-linux-x64/bundled/scripts/noConfigScripts', 'VSCODE_DEBUGPY_ADAPTER_ENDPOINTS': '/home/paola/.vscode-server/extensions/ms-python.debugpy-2026.6.0-linux-x64/.noConfigDebugAdapterEndpoints/endpoint-79ecb36eaea7da15.txt', 'LANG': 'en_US.UTF-8', 'PYTHONSTARTUP': '/home/paola/.vscode-server/data/User/workspaceStorage/cfd57e8d7c52e8f0bbc862210e679831/ms-python.python/pythonrc.py', 'LS_COLORS': 'rs=0:di=01;34:ln=01;36:mh=00:pi=40;33:so=01;35:do=01;35:bd=40;33;01:cd=40;33;01:or=40;31;01:mi=00:su=37;41:sg=30;43:ca=00:tw=30;42:ow=34;42:st=37;44:ex=01;32:*.tar=01;31:*.tgz=01;31:*.arc=01;31:*.arj=01;31:*.taz=01;31:*.lha=01;31:*.lz4=01;31:*.lzh=01;31:*.lzma=01;31:*.tlz=01;31:*.txz=01;31:*.tzo=01;31:*.t7z=01;31:*.zip=01;31:*.z=01;31:*.dz=01;31:*.gz=01;31:*.lrz=01;31:*.lz=01;31:*.lzo=01;31:*.xz=01;31:*.zst=01;31:*.tzst=01;31:*.bz2=01;31:*.bz=01;31:*.tbz=01;31:*.tbz2=01;31:*.tz=01;31:*.deb=01;31:*.rpm=01;31:*.jar=01;31:*.war=01;31:*.ear=01;31:*.sar=01;31:*.rar=01;31:*.alz=01;31:*.ace=01;31:*.zoo=01;31:*.cpio=01;31:*.7z=01;31:*.rz=01;31:*.cab=01;31:*.wim=01;31:*.swm=01;31:*.dwm=01;31:*.esd=01;31:*.avif=01;35:*.jpg=01;35:*.jpeg=01;35:*.mjpg=01;35:*.mjpeg=01;35:*.gif=01;35:*.bmp=01;35:*.pbm=01;35:*.pgm=01;35:*.ppm=01;35:*.tga=01;35:*.xbm=01;35:*.xpm=01;35:*.tif=01;35:*.tiff=01;35:*.png=01;35:*.svg=01;35:*.svgz=01;35:*.mng=01;35:*.pcx=01;35:*.mov=01;35:*.mpg=01;35:*.mpeg=01;35:*.m2v=01;35:*.mkv=01;35:*.webm=01;35:*.webp=01;35:*.ogm=01;35:*.mp4=01;35:*.m4v=01;35:*.mp4v=01;35:*.vob=01;35:*.qt=01;35:*.nuv=01;35:*.wmv=01;35:*.asf=01;35:*.rm=01;35:*.rmvb=01;35:*.flc=01;35:*.avi=01;35:*.fli=01;35:*.flv=01;35:*.gl=01;35:*.dl=01;35:*.xcf=01;35:*.xwd=01;35:*.yuv=01;35:*.cgm=01;35:*.emf=01;35:*.ogv=01;35:*.ogx=01;35:*.aac=00;36:*.au=00;36:*.flac=00;36:*.m4a=00;36:*.mid=00;36:*.midi=00;36:*.mka=00;36:*.mp3=00;36:*.mpc=00;36:*.ogg=00;36:*.ra=00;36:*.wav=00;36:*.oga=00;36:*.opus=00;36:*.spx=00;36:*.xspf=00;36:*~=00;90:*#=00;90:*.bak=00;90:*.crdownload=00;90:*.dpkg-dist=00;90:*.dpkg-new=00;90:*.dpkg-old=00;90:*.dpkg-tmp=00;90:*.old=00;90:*.orig=00;90:*.part=00;90:*.rej=00;90:*.rpmnew=00;90:*.rpmorig=00;90:*.rpmsave=00;90:*.swp=00;90:*.tmp=00;90:*.ucf-dist=00;90:*.ucf-new=00;90:*.ucf-old=00;90:', 'VSCODE_GIT_IPC_HANDLE': '/tmp/vscode-git-17ae9f2d4c.sock', 'TERM_PROGRAM': 'vscode', 'AMENT_PREFIX_PATH': '/home/paola/proyecto_robot/install/explore_lite_msgs:/opt/ros/jazzy', 'SHELL': '/bin/bash', 'LESSCLOSE': '/usr/bin/lesspipe %s %s', 'ROS_AUTOMATIC_DISCOVERY_RANGE': 'SUBNET', 'VSCODE_GIT_ASKPASS_EXTRA_ARGS': '', 'PWD': '/home/paola/proyecto_robot/build/explore_lite', 'COPILOT_DEBUG_NONCE': '1a3bbbcf88475a2624b7b109cb17b954', 'PYTHONPATH': '/home/paola/proyecto_robot/install/explore_lite_msgs/lib/python3.12/site-packages:/opt/ros/jazzy/lib/python3.12/site-packages', 'COLCON': '1', 'HOSTTYPE': 'x86_64', 'CMAKE_PREFIX_PATH': '/home/paola/proyecto_robot/install/explore_lite_msgs:/opt/ros/jazzy/opt/gz_sim_vendor:/opt/ros/jazzy/opt/gz_sensors_vendor:/opt/ros/jazzy/opt/gz_physics_vendor:/opt/ros/jazzy/opt/sdformat_vendor:/opt/ros/jazzy/opt/gz_gui_vendor:/opt/ros/jazzy/opt/gz_transport_vendor:/opt/ros/jazzy/opt/gz_rendering_vendor:/opt/ros/jazzy/opt/gz_plugin_vendor:/opt/ros/jazzy/opt/gz_fuel_tools_vendor:/opt/ros/jazzy/opt/gz_msgs_vendor:/opt/ros/jazzy/opt/gz_common_vendor:/opt/ros/jazzy/opt/gz_math_vendor:/opt/ros/jazzy/opt/gz_utils_vendor:/opt/ros/jazzy/opt/gz_tools_vendor:/opt/ros/jazzy/opt/gz_ogre_next_vendor:/opt/ros/jazzy/opt/gz_dartsim_vendor:/opt/ros/jazzy/opt/gz_cmake_vendor:/opt/ros/jazzy', 'WSLENV': 'VSCODE_WSL_EXT_LOCATION/up:VSCODE_SERVER_TAR/up'}), 'shell': False}
[81.244967] (-) TimerEvent: {}
[81.356819] (-) TimerEvent: {}
[81.471904] (-) TimerEvent: {}
[81.572703] (-) TimerEvent: {}
[81.692771] (-) TimerEvent: {}
[81.806723] (-) TimerEvent: {}
[81.930260] (-) TimerEvent: {}
[82.043135] (-) TimerEvent: {}
[82.083385] (explore_lite) StdoutLine: {'line': b'-- The C compiler identification is GNU 13.3.0\n'}
[82.154123] (-) TimerEvent: {}
[82.272527] (-) TimerEvent: {}
[82.388388] (-) TimerEvent: {}
[82.490940] (-) TimerEvent: {}
[82.596359] (-) TimerEvent: {}
[82.706254] (-) TimerEvent: {}
[82.808268] (-) TimerEvent: {}
[82.844763] (explore_lite) StdoutLine: {'line': b'-- The CXX compiler identification is GNU 13.3.0\n'}
[82.934604] (-) TimerEvent: {}
[83.054655] (-) TimerEvent: {}
[83.159565] (-) TimerEvent: {}
[83.246242] (explore_lite) StdoutLine: {'line': b'-- Detecting C compiler ABI info\n'}
[83.273180] (-) TimerEvent: {}
[83.393368] (-) TimerEvent: {}
[83.505488] (-) TimerEvent: {}
[83.623779] (-) TimerEvent: {}
[83.738626] (-) TimerEvent: {}
[83.839730] (-) TimerEvent: {}
[83.950038] (-) TimerEvent: {}
[84.063644] (-) TimerEvent: {}
[84.177799] (-) TimerEvent: {}
[84.282259] (-) TimerEvent: {}
[84.394717] (-) TimerEvent: {}
[84.507901] (-) TimerEvent: {}
[84.625952] (-) TimerEvent: {}
[84.750861] (-) TimerEvent: {}
[84.856613] (-) TimerEvent: {}
[84.964389] (explore_lite) StdoutLine: {'line': b'-- Detecting C compiler ABI info - done\n'}
[84.964889] (-) TimerEvent: {}
[85.014851] (explore_lite) StdoutLine: {'line': b'-- Check for working C compiler: /usr/bin/cc - skipped\n'}
[85.015373] (explore_lite) StdoutLine: {'line': b'-- Detecting C compile features\n'}
[85.015741] (explore_lite) StdoutLine: {'line': b'-- Detecting C compile features - done\n'}
[85.073092] (-) TimerEvent: {}
[85.187826] (-) TimerEvent: {}
[85.307488] (-) TimerEvent: {}
[85.316481] (explore_lite) StdoutLine: {'line': b'-- Detecting CXX compiler ABI info\n'}
[85.422451] (-) TimerEvent: {}
[85.531036] (-) TimerEvent: {}
[85.659602] (-) TimerEvent: {}
[85.774206] (-) TimerEvent: {}
[85.887164] (-) TimerEvent: {}
[85.990139] (-) TimerEvent: {}
[86.116714] (-) TimerEvent: {}
[86.228480] (-) TimerEvent: {}
[86.339218] (-) TimerEvent: {}
[86.471570] (-) TimerEvent: {}
[86.582605] (-) TimerEvent: {}
[86.689578] (-) TimerEvent: {}
[86.802807] (-) TimerEvent: {}
[86.918119] (-) TimerEvent: {}
[87.031053] (-) TimerEvent: {}
[87.141167] (explore_lite) StdoutLine: {'line': b'-- Detecting CXX compiler ABI info - done\n'}
[87.141674] (-) TimerEvent: {}
[87.192367] (explore_lite) StdoutLine: {'line': b'-- Check for working CXX compiler: /usr/bin/c++ - skipped\n'}
[87.192979] (explore_lite) StdoutLine: {'line': b'-- Detecting CXX compile features\n'}
[87.193381] (explore_lite) StdoutLine: {'line': b'-- Detecting CXX compile features - done\n'}
[87.256474] (explore_lite) StdoutLine: {'line': b'-- BuilD for ROS2: jazzy\n'}
[87.256962] (-) TimerEvent: {}
[87.351345] (explore_lite) StdoutLine: {'line': b'-- Found ament_cmake: 2.5.6 (/opt/ros/jazzy/share/ament_cmake/cmake)\n'}
[87.372295] (-) TimerEvent: {}
[87.507184] (-) TimerEvent: {}
[87.621459] (-) TimerEvent: {}
[87.728941] (-) TimerEvent: {}
[87.840935] (-) TimerEvent: {}
[87.955093] (-) TimerEvent: {}
[88.072578] (-) TimerEvent: {}
[88.178795] (-) TimerEvent: {}
[88.282394] (multirobot_map_merge) StdoutLine: {'line': b'[ 66%] \x1b[32m\x1b[1mLinking CXX static library libcombine_grids.a\x1b[0m\n'}
[88.282838] (-) TimerEvent: {}
[88.387605] (-) TimerEvent: {}
[88.508603] (-) TimerEvent: {}
[88.611530] (-) TimerEvent: {}
[88.736871] (-) TimerEvent: {}
[88.853649] (-) TimerEvent: {}
[88.972651] (-) TimerEvent: {}
[89.081074] (multirobot_map_merge) StdoutLine: {'line': b'[ 66%] Built target combine_grids\n'}
[89.081607] (-) TimerEvent: {}
[89.202499] (-) TimerEvent: {}
[89.322927] (-) TimerEvent: {}
[89.437943] (-) TimerEvent: {}
[89.529462] (explore_lite) StdoutLine: {'line': b'-- Found Python3: /usr/bin/python3 (found version "3.12.3") found components: Interpreter \n'}
[89.546907] (-) TimerEvent: {}
[89.603618] (multirobot_map_merge) StdoutLine: {'line': b'[ 75%] \x1b[32mBuilding CXX object CMakeFiles/test_merging_pipeline.dir/test/test_merging_pipeline.cpp.o\x1b[0m\n'}
[89.616317] (multirobot_map_merge) StdoutLine: {'line': b'[ 83%] \x1b[32mBuilding CXX object CMakeFiles/map_merge.dir/src/map_merge.cpp.o\x1b[0m\n'}
[89.653258] (-) TimerEvent: {}
[89.755761] (-) TimerEvent: {}
[89.871312] (-) TimerEvent: {}
[90.003184] (explore_lite) StdoutLine: {'line': b'-- Override CMake install command with custom implementation using symlinks instead of copying resources\n'}
[90.003619] (-) TimerEvent: {}
[90.117735] (-) TimerEvent: {}
[90.221158] (-) TimerEvent: {}
[90.337686] (-) TimerEvent: {}
[90.447958] (-) TimerEvent: {}
[90.557053] (-) TimerEvent: {}
[90.678865] (-) TimerEvent: {}
[90.818358] (-) TimerEvent: {}
[90.955313] (-) TimerEvent: {}
[91.070485] (-) TimerEvent: {}
[91.181861] (-) TimerEvent: {}
[91.294053] (-) TimerEvent: {}
[91.407567] (-) TimerEvent: {}
[91.526836] (-) TimerEvent: {}
[91.639610] (-) TimerEvent: {}
[91.746158] (explore_lite) StdoutLine: {'line': b'-- Found rclcpp: 28.1.21 (/opt/ros/jazzy/share/rclcpp/cmake)\n'}
[91.746677] (-) TimerEvent: {}
[91.850731] (-) TimerEvent: {}
[91.957349] (-) TimerEvent: {}
[92.071602] (-) TimerEvent: {}
[92.174331] (-) TimerEvent: {}
[92.290484] (-) TimerEvent: {}
[92.406917] (-) TimerEvent: {}
[92.521525] (-) TimerEvent: {}
[92.551778] (explore_lite) StdoutLine: {'line': b'-- Found rosidl_generator_c: 4.6.9 (/opt/ros/jazzy/share/rosidl_generator_c/cmake)\n'}
[92.622411] (-) TimerEvent: {}
[92.730711] (-) TimerEvent: {}
[92.842395] (-) TimerEvent: {}
[92.863689] (explore_lite) StdoutLine: {'line': b'-- Found rosidl_generator_cpp: 4.6.9 (/opt/ros/jazzy/share/rosidl_generator_cpp/cmake)\n'}
[92.954118] (-) TimerEvent: {}
[93.055025] (-) TimerEvent: {}
[93.164520] (explore_lite) StdoutLine: {'line': b'-- Using all available rosidl_typesupport_c: rosidl_typesupport_fastrtps_c;rosidl_typesupport_introspection_c\n'}
[93.164941] (-) TimerEvent: {}
[93.275155] (-) TimerEvent: {}
[93.388621] (-) TimerEvent: {}
[93.507831] (-) TimerEvent: {}
[93.508691] (explore_lite) StdoutLine: {'line': b'-- Using all available rosidl_typesupport_cpp: rosidl_typesupport_fastrtps_cpp;rosidl_typesupport_introspection_cpp\n'}
[93.622806] (-) TimerEvent: {}
[93.736885] (-) TimerEvent: {}
[93.845826] (-) TimerEvent: {}
[93.954270] (-) TimerEvent: {}
[94.059666] (-) TimerEvent: {}
[94.177247] (-) TimerEvent: {}
[94.301091] (-) TimerEvent: {}
[94.404358] (-) TimerEvent: {}
[94.522391] (-) TimerEvent: {}
[94.654232] (-) TimerEvent: {}
[94.755190] (-) TimerEvent: {}
[94.870845] (-) TimerEvent: {}
[94.917816] (explore_lite) StdoutLine: {'line': b'-- Found rmw_implementation_cmake: 7.3.3 (/opt/ros/jazzy/share/rmw_implementation_cmake/cmake)\n'}
[94.987664] (-) TimerEvent: {}
[95.026692] (explore_lite) StdoutLine: {'line': b'-- Found rmw_fastrtps_cpp: 8.4.4 (/opt/ros/jazzy/share/rmw_fastrtps_cpp/cmake)\n'}
[95.090912] (-) TimerEvent: {}
[95.206156] (-) TimerEvent: {}
[95.320680] (-) TimerEvent: {}
[95.438482] (-) TimerEvent: {}
[95.556202] (-) TimerEvent: {}
[95.674183] (-) TimerEvent: {}
[95.800549] (-) TimerEvent: {}
[95.909709] (-) TimerEvent: {}
[96.025165] (-) TimerEvent: {}
[96.135492] (-) TimerEvent: {}
[96.263205] (-) TimerEvent: {}
[96.365897] (-) TimerEvent: {}
[96.471958] (-) TimerEvent: {}
[96.586817] (-) TimerEvent: {}
[96.689130] (-) TimerEvent: {}
[96.809292] (-) TimerEvent: {}
[96.916947] (-) TimerEvent: {}
[97.045132] (-) TimerEvent: {}
[97.159327] (-) TimerEvent: {}
[97.243146] (explore_lite) StdoutLine: {'line': b'-- Found OpenSSL: /usr/lib/x86_64-linux-gnu/libcrypto.so (found version "3.0.13")  \n'}
[97.291835] (-) TimerEvent: {}
[97.405999] (-) TimerEvent: {}
[97.466920] (explore_lite) StdoutLine: {'line': b'-- Found FastRTPS: /opt/ros/jazzy/include (Required is at least version "2.13") \n'}
[97.520647] (-) TimerEvent: {}
[97.622643] (-) TimerEvent: {}
[97.684263] (explore_lite) StdoutLine: {'line': b"-- Using RMW implementation 'rmw_fastrtps_cpp' as default\n"}
[97.761403] (-) TimerEvent: {}
[97.872155] (-) TimerEvent: {}
[97.983755] (-) TimerEvent: {}
[98.084816] (-) TimerEvent: {}
[98.189208] (-) TimerEvent: {}
[98.302679] (-) TimerEvent: {}
[98.418630] (-) TimerEvent: {}
[98.523324] (-) TimerEvent: {}
[98.657922] (explore_lite) StdoutLine: {'line': b'-- Found std_msgs: 5.3.8 (/opt/ros/jazzy/share/std_msgs/cmake)\n'}
[98.658351] (-) TimerEvent: {}
[98.772214] (-) TimerEvent: {}
[98.825810] (explore_lite) StdoutLine: {'line': b'-- Found sensor_msgs: 5.3.8 (/opt/ros/jazzy/share/sensor_msgs/cmake)\n'}
[98.888341] (-) TimerEvent: {}
[99.008471] (-) TimerEvent: {}
[99.110863] (-) TimerEvent: {}
[99.212511] (-) TimerEvent: {}
[99.221923] (explore_lite) StdoutLine: {'line': b'-- Found tf2_ros: 0.36.21 (/opt/ros/jazzy/share/tf2_ros/cmake)\n'}
[99.315756] (-) TimerEvent: {}
[99.419514] (-) TimerEvent: {}
[99.536881] (-) TimerEvent: {}
[99.645754] (-) TimerEvent: {}
[99.763251] (-) TimerEvent: {}
[99.880537] (-) TimerEvent: {}
[99.989405] (-) TimerEvent: {}
[100.103807] (-) TimerEvent: {}
[100.211830] (-) TimerEvent: {}
[100.325959] (-) TimerEvent: {}
[100.429095] (-) TimerEvent: {}
[100.539818] (-) TimerEvent: {}
[100.653505] (-) TimerEvent: {}
[100.766496] (explore_lite) StdoutLine: {'line': b'-- Found tf2_geometry_msgs: 0.36.21 (/opt/ros/jazzy/share/tf2_geometry_msgs/cmake)\n'}
[100.766948] (-) TimerEvent: {}
[100.872177] (-) TimerEvent: {}
[100.978033] (-) TimerEvent: {}
[101.092651] (-) TimerEvent: {}
[101.198173] (explore_lite) StdoutLine: {'line': b'-- Found eigen3_cmake_module: 0.3.1 (/opt/ros/jazzy/share/eigen3_cmake_module/cmake)\n'}
[101.198755] (-) TimerEvent: {}
[101.207753] (explore_lite) StdoutLine: {'line': b'-- Found Eigen3: TRUE (found version "3.4.0") \n'}
[101.208198] (explore_lite) StdoutLine: {'line': b'-- Ensuring Eigen3 include directory is part of orocos-kdl CMake target\n'}
[101.340489] (-) TimerEvent: {}
[101.406539] (explore_lite) StdoutLine: {'line': b'-- Found nav2_msgs: 1.3.12 (/opt/ros/jazzy/share/nav2_msgs/cmake)\n'}
[101.453807] (-) TimerEvent: {}
[101.573976] (-) TimerEvent: {}
[101.687930] (-) TimerEvent: {}
[101.789209] (-) TimerEvent: {}
[101.900033] (-) TimerEvent: {}
[102.005909] (-) TimerEvent: {}
[102.118903] (-) TimerEvent: {}
[102.234515] (-) TimerEvent: {}
[102.339930] (-) TimerEvent: {}
[102.457192] (-) TimerEvent: {}
[102.562596] (-) TimerEvent: {}
[102.675783] (-) TimerEvent: {}
[102.786763] (-) TimerEvent: {}
[102.902450] (-) TimerEvent: {}
[103.015898] (-) TimerEvent: {}
[103.122556] (-) TimerEvent: {}
[103.228064] (-) TimerEvent: {}
[103.336889] (-) TimerEvent: {}
[103.446204] (-) TimerEvent: {}
[103.552008] (-) TimerEvent: {}
[103.661430] (-) TimerEvent: {}
[103.775750] (-) TimerEvent: {}
[103.891816] (-) TimerEvent: {}
[103.900023] (explore_lite) StdoutLine: {'line': b'-- Found map_msgs: 2.4.1 (/opt/ros/jazzy/share/map_msgs/cmake)\n'}
[104.000928] (-) TimerEvent: {}
[104.113522] (-) TimerEvent: {}
[104.128778] (explore_lite) StdoutLine: {'line': b'-- Found visualization_msgs: 5.3.8 (/opt/ros/jazzy/share/visualization_msgs/cmake)\n'}
[104.218497] (-) TimerEvent: {}
[104.323682] (-) TimerEvent: {}
[104.436720] (-) TimerEvent: {}
[104.550973] (-) TimerEvent: {}
[104.668662] (-) TimerEvent: {}
[104.772057] (-) TimerEvent: {}
[104.881218] (-) TimerEvent: {}
[104.997098] (-) TimerEvent: {}
[105.107462] (explore_lite) StdoutLine: {'line': b'-- Found nav2_costmap_2d: 1.3.12 (/opt/ros/jazzy/share/nav2_costmap_2d/cmake)\n'}
[105.108024] (-) TimerEvent: {}
[105.220469] (-) TimerEvent: {}
[105.322776] (-) TimerEvent: {}
[105.443606] (-) TimerEvent: {}
[105.554839] (-) TimerEvent: {}
[105.670151] (-) TimerEvent: {}
[105.778489] (-) TimerEvent: {}
[105.885791] (-) TimerEvent: {}
[105.988786] (-) TimerEvent: {}
[106.102515] (-) TimerEvent: {}
[106.222624] (-) TimerEvent: {}
[106.345094] (-) TimerEvent: {}
[106.464753] (-) TimerEvent: {}
[106.580396] (-) TimerEvent: {}
[106.699058] (-) TimerEvent: {}
[106.828396] (-) TimerEvent: {}
[106.940455] (-) TimerEvent: {}
[107.055077] (-) TimerEvent: {}
[107.174428] (-) TimerEvent: {}
[107.299344] (-) TimerEvent: {}
[107.407107] (-) TimerEvent: {}
[107.522009] (-) TimerEvent: {}
[107.638103] (-) TimerEvent: {}
[107.756769] (-) TimerEvent: {}
[107.889390] (-) TimerEvent: {}
[108.009451] (-) TimerEvent: {}
[108.135166] (-) TimerEvent: {}
[108.239830] (-) TimerEvent: {}
[108.346094] (-) TimerEvent: {}
[108.451232] (-) TimerEvent: {}
[108.559649] (-) TimerEvent: {}
[108.673612] (-) TimerEvent: {}
[108.785915] (-) TimerEvent: {}
[108.889217] (-) TimerEvent: {}
[109.004123] (-) TimerEvent: {}
[109.139287] (-) TimerEvent: {}
[109.255444] (-) TimerEvent: {}
[109.363032] (-) TimerEvent: {}
[109.473091] (-) TimerEvent: {}
[109.589639] (-) TimerEvent: {}
[109.708035] (-) TimerEvent: {}
[109.809622] (-) TimerEvent: {}
[109.925470] (-) TimerEvent: {}
[110.040284] (-) TimerEvent: {}
[110.148400] (-) TimerEvent: {}
[110.249096] (-) TimerEvent: {}
[110.352632] (-) TimerEvent: {}
[110.455334] (-) TimerEvent: {}
[110.566076] (-) TimerEvent: {}
[110.696664] (-) TimerEvent: {}
[110.807171] (-) TimerEvent: {}
[110.925895] (-) TimerEvent: {}
[111.039050] (-) TimerEvent: {}
[111.086136] (explore_lite) StdoutLine: {'line': b'-- Found explore_lite_msgs: 1.0.0 (/home/paola/proyecto_robot/install/explore_lite_msgs/share/explore_lite_msgs/cmake)\n'}
[111.176570] (-) TimerEvent: {}
[111.239329] (explore_lite) StdoutLine: {'line': b'-- Found ament_lint_auto: 0.17.5 (/opt/ros/jazzy/share/ament_lint_auto/cmake)\n'}
[111.288355] (-) TimerEvent: {}
[111.403659] (-) TimerEvent: {}
[111.520660] (-) TimerEvent: {}
[111.633619] (-) TimerEvent: {}
[111.753727] (-) TimerEvent: {}
[111.882652] (-) TimerEvent: {}
[111.988491] (-) TimerEvent: {}
[112.104339] (-) TimerEvent: {}
[112.216084] (-) TimerEvent: {}
[112.326238] (-) TimerEvent: {}
[112.370155] (explore_lite) StdoutLine: {'line': b'-- Found ament_cmake_gtest: 2.5.6 (/opt/ros/jazzy/share/ament_cmake_gtest/cmake)\n'}
[112.435438] (-) TimerEvent: {}
[112.453426] (explore_lite) StdoutLine: {'line': b"-- Found gtest sources under '/opt/ros/jazzy/src/gtest_vendor': C++ tests using 'Google Test' will be built\n"}
[112.465000] (explore_lite) StdoutLine: {'line': b'-- Performing Test CMAKE_HAVE_LIBC_PTHREAD\n'}
[112.550818] (-) TimerEvent: {}
[112.672528] (-) TimerEvent: {}
[112.791742] (-) TimerEvent: {}
[112.909258] (-) TimerEvent: {}
[113.024358] (-) TimerEvent: {}
[113.136512] (-) TimerEvent: {}
[113.273918] (-) TimerEvent: {}
[113.390727] (-) TimerEvent: {}
[113.504486] (-) TimerEvent: {}
[113.619656] (-) TimerEvent: {}
[113.736136] (-) TimerEvent: {}
[113.861607] (-) TimerEvent: {}
[113.970695] (-) TimerEvent: {}
[114.085108] (-) TimerEvent: {}
[114.189711] (-) TimerEvent: {}
[114.292347] (-) TimerEvent: {}
[114.405763] (-) TimerEvent: {}
[114.515224] (explore_lite) StdoutLine: {'line': b'-- Performing Test CMAKE_HAVE_LIBC_PTHREAD - Success\n'}
[114.515668] (-) TimerEvent: {}
[114.516142] (explore_lite) StdoutLine: {'line': b'-- Found Threads: TRUE  \n'}
[114.621530] (-) TimerEvent: {}
[114.735048] (-) TimerEvent: {}
[114.846873] (-) TimerEvent: {}
[114.866377] (explore_lite) StdoutLine: {'line': b"-- Added test 'cppcheck' to perform static code analysis on C / C++ code\n"}
[114.866810] (explore_lite) StdoutLine: {'line': b'-- Configured cppcheck include dirs: /home/paola/proyecto_robot/src/m-explore-ros2/explore/include;$<BUILD_INTERFACE:/home/paola/proyecto_robot/src/m-explore-ros2/explore/include>\n'}
[114.867541] (explore_lite) StdoutLine: {'line': b'-- Configured cppcheck exclude dirs and/or files: \n'}
[114.872188] (explore_lite) StdoutLine: {'line': b"-- Added test 'flake8' to check Python code syntax and style conventions\n"}
[114.872640] (explore_lite) StdoutLine: {'line': b"-- Configured 'flake8' exclude dirs and/or files: \n"}
[114.936159] (explore_lite) StdoutLine: {'line': b"-- Added test 'lint_cmake' to check CMake code style\n"}
[114.947338] (explore_lite) StdoutLine: {'line': b"-- Added test 'pep257' to check Python code against some of the docstring style conventions in PEP 257\n"}
[114.947741] (-) TimerEvent: {}
[114.977874] (explore_lite) StdoutLine: {'line': b"-- Added test 'uncrustify' to check C / C++ code style\n"}
[114.978434] (explore_lite) StdoutLine: {'line': b'-- Configured uncrustify additional arguments: \n'}
[115.007611] (explore_lite) StdoutLine: {'line': b"-- Added test 'xmllint' to check XML markup files\n"}
[115.068906] (-) TimerEvent: {}
[115.166012] (explore_lite) StdoutLine: {'line': b'-- Configuring done (33.8s)\n'}
[115.174970] (-) TimerEvent: {}
[115.287106] (-) TimerEvent: {}
[115.390675] (-) TimerEvent: {}
[115.521370] (-) TimerEvent: {}
[115.627433] (-) TimerEvent: {}
[115.699633] (explore_lite) StdoutLine: {'line': b'-- Generating done (0.4s)\n'}
[115.740038] (multirobot_map_merge) StdoutLine: {'line': b'[ 91%] \x1b[32m\x1b[1mLinking CXX executable test_merging_pipeline\x1b[0m\n'}
[115.740737] (-) TimerEvent: {}
[115.852222] (-) TimerEvent: {}
[115.960649] (-) TimerEvent: {}
[116.066734] (-) TimerEvent: {}
[116.089621] (explore_lite) StdoutLine: {'line': b'-- Build files have been written to: /home/paola/proyecto_robot/build/explore_lite\n'}
[116.154699] (explore_lite) CommandEnded: {'returncode': 0}
[116.159284] (explore_lite) JobProgress: {'identifier': 'explore_lite', 'progress': 'build'}
[116.167184] (explore_lite) Command: {'cmd': ['/usr/bin/cmake', '--build', '/home/paola/proyecto_robot/build/explore_lite', '--', '-j8', '-l8'], 'cwd': '/home/paola/proyecto_robot/build/explore_lite', 'env': OrderedDict({'PYTHON_BASIC_REPL': '1', 'LESSOPEN': '| /usr/bin/lesspipe %s', 'GZ_SIM_RESOURCE_PATH': '/opt/ros/jazzy/share', 'USER': 'paola', 'GZ_CONFIG_PATH': '/opt/ros/jazzy/opt/gz_sim_vendor/share/gz:/opt/ros/jazzy/opt/sdformat_vendor/share/gz:/opt/ros/jazzy/opt/gz_gui_vendor/share/gz:/opt/ros/jazzy/opt/gz_transport_vendor/share/gz:/opt/ros/jazzy/opt/gz_rendering_vendor/share/gz:/opt/ros/jazzy/opt/gz_plugin_vendor/share/gz:/opt/ros/jazzy/opt/gz_fuel_tools_vendor/share/gz:/opt/ros/jazzy/opt/gz_msgs_vendor/share/gz:/opt/ros/jazzy/opt/gz_common_vendor/share/gz', 'GIT_ASKPASS': '/home/paola/.vscode-server/bin/e4c7e7b1d6d060162f4aa7f8225271b67ce1df75/extensions/git/dist/askpass.sh', 'SHLVL': '1', 'LD_LIBRARY_PATH': '/home/paola/proyecto_robot/install/explore_lite_msgs/lib:/opt/ros/jazzy/opt/gz_sim_vendor/lib:/opt/ros/jazzy/opt/gz_sensors_vendor/lib:/opt/ros/jazzy/opt/gz_physics_vendor/lib:/opt/ros/jazzy/opt/sdformat_vendor/lib:/opt/ros/jazzy/opt/rviz_ogre_vendor/lib:/opt/ros/jazzy/lib/x86_64-linux-gnu:/opt/ros/jazzy/opt/gz_gui_vendor/lib:/opt/ros/jazzy/opt/gz_transport_vendor/lib:/opt/ros/jazzy/opt/gz_rendering_vendor/lib:/opt/ros/jazzy/opt/gz_plugin_vendor/lib:/opt/ros/jazzy/opt/gz_fuel_tools_vendor/lib:/opt/ros/jazzy/opt/gz_msgs_vendor/lib:/opt/ros/jazzy/opt/gz_common_vendor/lib:/opt/ros/jazzy/opt/gz_math_vendor/lib:/opt/ros/jazzy/opt/gz_utils_vendor/lib:/opt/ros/jazzy/opt/gz_tools_vendor/lib:/opt/ros/jazzy/opt/gz_ogre_next_vendor/lib:/opt/ros/jazzy/opt/gz_dartsim_vendor/lib:/opt/ros/jazzy/opt/gz_cmake_vendor/lib:/opt/ros/jazzy/lib', 'HOME': '/home/paola', 'OLDPWD': '/home/paola/proyecto_robot', 'TERM_PROGRAM_VERSION': '1.131.0', 'VSCODE_IPC_HOOK_CLI': '/tmp/vscode-ipc-93b7701c-32f0-4318-ac18-55a3babd7074.sock', 'ROS_PYTHON_VERSION': '3', 'VSCODE_GIT_ASKPASS_MAIN': '/home/paola/.vscode-server/bin/e4c7e7b1d6d060162f4aa7f8225271b67ce1df75/extensions/git/dist/askpass-main.js', 'VSCODE_GIT_ASKPASS_NODE': '/home/paola/.vscode-server/bin/e4c7e7b1d6d060162f4aa7f8225271b67ce1df75/node', 'PYDEVD_DISABLE_FILE_VALIDATION': '1', 'BUNDLED_DEBUGPY_PATH': '/home/paola/.vscode-server/extensions/ms-python.debugpy-2026.6.0-linux-x64/bundled/libs/debugpy', 'VSCODE_PYTHON_AUTOACTIVATE_GUARD': '1', 'COLORTERM': 'truecolor', 'WSL_DISTRO_NAME': 'Ubuntu', 'ROS_DISTRO': 'jazzy', 'LOGNAME': 'paola', 'NAME': 'DESKTOP-C9CNUAF', '_': '/usr/bin/colcon', 'ROS_VERSION': '2', 'TERM': 'xterm-256color', 'PATH': '/opt/ros/jazzy/opt/gz_msgs_vendor/bin:/opt/ros/jazzy/opt/gz_tools_vendor/bin:/opt/ros/jazzy/opt/gz_ogre_next_vendor/bin:/opt/ros/jazzy/bin:/home/paola/.vscode-server/data/User/globalStorage/github.copilot-chat/debugCommand:/home/paola/.vscode-server/data/User/globalStorage/github.copilot-chat/copilotCli:/home/paola/.vscode-server/bin/e4c7e7b1d6d060162f4aa7f8225271b67ce1df75/bin/remote-cli:/usr/local/sbin:/usr/local/bin:/usr/sbin:/usr/bin:/sbin:/bin:/usr/games:/usr/local/games:/mnt/c/WINDOWS/system32:/mnt/c/WINDOWS:/mnt/c/WINDOWS/System32/Wbem:/mnt/c/WINDOWS/System32/WindowsPowerShell/v1.0/:/mnt/c/WINDOWS/System32/OpenSSH/:/mnt/c/Program Files/dotnet/:/mnt/c/Program Files (x86)/Windows Kits/10/Windows Performance Toolkit/:/mnt/c/Program Files/MATLAB/R2025b/bin:/mnt/c/Users/uwu/.local/bin:/mnt/c/Users/uwu/AppData/Local/Microsoft/WindowsApps:/mnt/c/Users/uwu/AppData/Local/Programs/Microsoft VS Code/bin:/home/paola/.vscode-server/extensions/ms-python.debugpy-2026.6.0-linux-x64/bundled/scripts/noConfigScripts', 'VSCODE_DEBUGPY_ADAPTER_ENDPOINTS': '/home/paola/.vscode-server/extensions/ms-python.debugpy-2026.6.0-linux-x64/.noConfigDebugAdapterEndpoints/endpoint-79ecb36eaea7da15.txt', 'LANG': 'en_US.UTF-8', 'PYTHONSTARTUP': '/home/paola/.vscode-server/data/User/workspaceStorage/cfd57e8d7c52e8f0bbc862210e679831/ms-python.python/pythonrc.py', 'LS_COLORS': 'rs=0:di=01;34:ln=01;36:mh=00:pi=40;33:so=01;35:do=01;35:bd=40;33;01:cd=40;33;01:or=40;31;01:mi=00:su=37;41:sg=30;43:ca=00:tw=30;42:ow=34;42:st=37;44:ex=01;32:*.tar=01;31:*.tgz=01;31:*.arc=01;31:*.arj=01;31:*.taz=01;31:*.lha=01;31:*.lz4=01;31:*.lzh=01;31:*.lzma=01;31:*.tlz=01;31:*.txz=01;31:*.tzo=01;31:*.t7z=01;31:*.zip=01;31:*.z=01;31:*.dz=01;31:*.gz=01;31:*.lrz=01;31:*.lz=01;31:*.lzo=01;31:*.xz=01;31:*.zst=01;31:*.tzst=01;31:*.bz2=01;31:*.bz=01;31:*.tbz=01;31:*.tbz2=01;31:*.tz=01;31:*.deb=01;31:*.rpm=01;31:*.jar=01;31:*.war=01;31:*.ear=01;31:*.sar=01;31:*.rar=01;31:*.alz=01;31:*.ace=01;31:*.zoo=01;31:*.cpio=01;31:*.7z=01;31:*.rz=01;31:*.cab=01;31:*.wim=01;31:*.swm=01;31:*.dwm=01;31:*.esd=01;31:*.avif=01;35:*.jpg=01;35:*.jpeg=01;35:*.mjpg=01;35:*.mjpeg=01;35:*.gif=01;35:*.bmp=01;35:*.pbm=01;35:*.pgm=01;35:*.ppm=01;35:*.tga=01;35:*.xbm=01;35:*.xpm=01;35:*.tif=01;35:*.tiff=01;35:*.png=01;35:*.svg=01;35:*.svgz=01;35:*.mng=01;35:*.pcx=01;35:*.mov=01;35:*.mpg=01;35:*.mpeg=01;35:*.m2v=01;35:*.mkv=01;35:*.webm=01;35:*.webp=01;35:*.ogm=01;35:*.mp4=01;35:*.m4v=01;35:*.mp4v=01;35:*.vob=01;35:*.qt=01;35:*.nuv=01;35:*.wmv=01;35:*.asf=01;35:*.rm=01;35:*.rmvb=01;35:*.flc=01;35:*.avi=01;35:*.fli=01;35:*.flv=01;35:*.gl=01;35:*.dl=01;35:*.xcf=01;35:*.xwd=01;35:*.yuv=01;35:*.cgm=01;35:*.emf=01;35:*.ogv=01;35:*.ogx=01;35:*.aac=00;36:*.au=00;36:*.flac=00;36:*.m4a=00;36:*.mid=00;36:*.midi=00;36:*.mka=00;36:*.mp3=00;36:*.mpc=00;36:*.ogg=00;36:*.ra=00;36:*.wav=00;36:*.oga=00;36:*.opus=00;36:*.spx=00;36:*.xspf=00;36:*~=00;90:*#=00;90:*.bak=00;90:*.crdownload=00;90:*.dpkg-dist=00;90:*.dpkg-new=00;90:*.dpkg-old=00;90:*.dpkg-tmp=00;90:*.old=00;90:*.orig=00;90:*.part=00;90:*.rej=00;90:*.rpmnew=00;90:*.rpmorig=00;90:*.rpmsave=00;90:*.swp=00;90:*.tmp=00;90:*.ucf-dist=00;90:*.ucf-new=00;90:*.ucf-old=00;90:', 'VSCODE_GIT_IPC_HANDLE': '/tmp/vscode-git-17ae9f2d4c.sock', 'TERM_PROGRAM': 'vscode', 'AMENT_PREFIX_PATH': '/home/paola/proyecto_robot/install/explore_lite_msgs:/opt/ros/jazzy', 'SHELL': '/bin/bash', 'LESSCLOSE': '/usr/bin/lesspipe %s %s', 'ROS_AUTOMATIC_DISCOVERY_RANGE': 'SUBNET', 'VSCODE_GIT_ASKPASS_EXTRA_ARGS': '', 'PWD': '/home/paola/proyecto_robot/build/explore_lite', 'COPILOT_DEBUG_NONCE': '1a3bbbcf88475a2624b7b109cb17b954', 'PYTHONPATH': '/home/paola/proyecto_robot/install/explore_lite_msgs/lib/python3.12/site-packages:/opt/ros/jazzy/lib/python3.12/site-packages', 'COLCON': '1', 'HOSTTYPE': 'x86_64', 'CMAKE_PREFIX_PATH': '/home/paola/proyecto_robot/install/explore_lite_msgs:/opt/ros/jazzy/opt/gz_sim_vendor:/opt/ros/jazzy/opt/gz_sensors_vendor:/opt/ros/jazzy/opt/gz_physics_vendor:/opt/ros/jazzy/opt/sdformat_vendor:/opt/ros/jazzy/opt/gz_gui_vendor:/opt/ros/jazzy/opt/gz_transport_vendor:/opt/ros/jazzy/opt/gz_rendering_vendor:/opt/ros/jazzy/opt/gz_plugin_vendor:/opt/ros/jazzy/opt/gz_fuel_tools_vendor:/opt/ros/jazzy/opt/gz_msgs_vendor:/opt/ros/jazzy/opt/gz_common_vendor:/opt/ros/jazzy/opt/gz_math_vendor:/opt/ros/jazzy/opt/gz_utils_vendor:/opt/ros/jazzy/opt/gz_tools_vendor:/opt/ros/jazzy/opt/gz_ogre_next_vendor:/opt/ros/jazzy/opt/gz_dartsim_vendor:/opt/ros/jazzy/opt/gz_cmake_vendor:/opt/ros/jazzy', 'WSLENV': 'VSCODE_WSL_EXT_LOCATION/up:VSCODE_SERVER_TAR/up'}), 'shell': False}
[116.168217] (-) TimerEvent: {}
[116.289537] (-) TimerEvent: {}
[116.416063] (-) TimerEvent: {}
[116.564941] (-) TimerEvent: {}
[116.671110] (-) TimerEvent: {}
[116.792847] (-) TimerEvent: {}
[116.913428] (-) TimerEvent: {}
[117.020402] (-) TimerEvent: {}
[117.136042] (-) TimerEvent: {}
[117.239032] (-) TimerEvent: {}
[117.343513] (-) TimerEvent: {}
[117.452648] (-) TimerEvent: {}
[117.575211] (-) TimerEvent: {}
[117.586654] (explore_lite) StdoutLine: {'line': b'[ 10%] \x1b[32mBuilding CXX object CMakeFiles/explore.dir/src/explore.cpp.o\x1b[0m\n'}
[117.590722] (explore_lite) StdoutLine: {'line': b'[ 20%] \x1b[32mBuilding CXX object CMakeFiles/explore.dir/src/costmap_client.cpp.o\x1b[0m\n'}
[117.606568] (explore_lite) StdoutLine: {'line': b'[ 30%] \x1b[32mBuilding CXX object gtest/CMakeFiles/gtest_main.dir/src/gtest_main.cc.o\x1b[0m\n'}
[117.638273] (explore_lite) StdoutLine: {'line': b'[ 40%] \x1b[32mBuilding CXX object gtest/CMakeFiles/gtest.dir/src/gtest-all.cc.o\x1b[0m\n'}
[117.686206] (-) TimerEvent: {}
[117.693180] (explore_lite) StdoutLine: {'line': b'[ 50%] \x1b[32mBuilding CXX object CMakeFiles/explore.dir/src/frontier_search.cpp.o\x1b[0m\n'}
[117.787750] (-) TimerEvent: {}
[117.910149] (-) TimerEvent: {}
[118.021427] (-) TimerEvent: {}
[118.135376] (-) TimerEvent: {}
[118.257146] (-) TimerEvent: {}
[118.371069] (-) TimerEvent: {}
[118.525095] (-) TimerEvent: {}
[118.632800] (-) TimerEvent: {}
[118.748743] (-) TimerEvent: {}
[118.862790] (-) TimerEvent: {}
[118.975610] (-) TimerEvent: {}
[119.104664] (-) TimerEvent: {}
[119.226480] (-) TimerEvent: {}
[119.358810] (-) TimerEvent: {}
[119.474398] (-) TimerEvent: {}
[119.588668] (-) TimerEvent: {}
[119.704067] (-) TimerEvent: {}
[119.814191] (-) TimerEvent: {}
[119.919025] (-) TimerEvent: {}
[120.035492] (-) TimerEvent: {}
[120.137166] (-) TimerEvent: {}
[120.254162] (-) TimerEvent: {}
[120.367626] (-) TimerEvent: {}
[120.477963] (-) TimerEvent: {}
[120.590869] (-) TimerEvent: {}
[120.702816] (-) TimerEvent: {}
[120.818987] (-) TimerEvent: {}
[120.943320] (-) TimerEvent: {}
[121.057122] (-) TimerEvent: {}
[121.186508] (-) TimerEvent: {}
[121.312365] (-) TimerEvent: {}
[121.417804] (-) TimerEvent: {}
[121.527950] (-) TimerEvent: {}
[121.573372] (explore_lite) StdoutLine: {'line': b'[ 60%] \x1b[32m\x1b[1mLinking CXX static library libgtest_main.a\x1b[0m\n'}
[121.638422] (-) TimerEvent: {}
[121.747220] (-) TimerEvent: {}
[121.868212] (-) TimerEvent: {}
[122.014101] (-) TimerEvent: {}
[122.141230] (-) TimerEvent: {}
[122.253078] (-) TimerEvent: {}
[122.366277] (-) TimerEvent: {}
[122.479739] (-) TimerEvent: {}
[122.585425] (-) TimerEvent: {}
[122.719827] (-) TimerEvent: {}
[122.821568] (-) TimerEvent: {}
[122.931798] (-) TimerEvent: {}
[123.035928] (-) TimerEvent: {}
[123.150152] (-) TimerEvent: {}
[123.254856] (-) TimerEvent: {}
[123.320118] (explore_lite) StdoutLine: {'line': b'[ 60%] Built target gtest_main\n'}
[123.369680] (-) TimerEvent: {}
[123.502787] (-) TimerEvent: {}
[123.615877] (-) TimerEvent: {}
[123.726812] (-) TimerEvent: {}
[123.836534] (-) TimerEvent: {}
[123.952946] (-) TimerEvent: {}
[124.067948] (-) TimerEvent: {}
[124.180333] (-) TimerEvent: {}
[124.287079] (-) TimerEvent: {}
[124.402956] (-) TimerEvent: {}
[124.528818] (-) TimerEvent: {}
[124.657458] (-) TimerEvent: {}
[124.776326] (-) TimerEvent: {}
[124.893091] (-) TimerEvent: {}
[124.921578] (multirobot_map_merge) StdoutLine: {'line': b'[ 91%] Built target test_merging_pipeline\n'}
[125.006114] (-) TimerEvent: {}
[125.123077] (-) TimerEvent: {}
[125.237791] (-) TimerEvent: {}
[125.352042] (-) TimerEvent: {}
[125.472063] (-) TimerEvent: {}
[125.591121] (-) TimerEvent: {}
[125.709071] (-) TimerEvent: {}
[125.825542] (-) TimerEvent: {}
[125.937926] (-) TimerEvent: {}
[126.040284] (-) TimerEvent: {}
[126.152553] (-) TimerEvent: {}
[126.256479] (-) TimerEvent: {}
[126.391797] (-) TimerEvent: {}
[126.498342] (-) TimerEvent: {}
[126.601252] (-) TimerEvent: {}
[126.725207] (-) TimerEvent: {}
[126.828920] (-) TimerEvent: {}
[126.937208] (-) TimerEvent: {}
[127.072731] (-) TimerEvent: {}
[127.189281] (-) TimerEvent: {}
[127.309599] (-) TimerEvent: {}
[127.444335] (-) TimerEvent: {}
[127.559804] (-) TimerEvent: {}
[127.667982] (-) TimerEvent: {}
[127.785676] (-) TimerEvent: {}
[127.910395] (-) TimerEvent: {}
[128.023049] (-) TimerEvent: {}
[128.141078] (-) TimerEvent: {}
[128.253438] (-) TimerEvent: {}
[128.371583] (-) TimerEvent: {}
[128.490659] (-) TimerEvent: {}
[128.607534] (-) TimerEvent: {}
[128.714368] (-) TimerEvent: {}
[128.829676] (-) TimerEvent: {}
[128.936340] (-) TimerEvent: {}
[129.054636] (-) TimerEvent: {}
[129.167601] (-) TimerEvent: {}
[129.269105] (-) TimerEvent: {}
[129.380906] (-) TimerEvent: {}
[129.494502] (-) TimerEvent: {}
[129.600985] (-) TimerEvent: {}
[129.703399] (-) TimerEvent: {}
[129.817762] (-) TimerEvent: {}
[129.928853] (-) TimerEvent: {}
[130.041237] (-) TimerEvent: {}
[130.151759] (-) TimerEvent: {}
[130.274610] (-) TimerEvent: {}
[130.384381] (-) TimerEvent: {}
[130.501788] (-) TimerEvent: {}
[130.623670] (-) TimerEvent: {}
[130.742630] (-) TimerEvent: {}
[130.851695] (-) TimerEvent: {}
[130.972692] (-) TimerEvent: {}
[131.093150] (-) TimerEvent: {}
[131.201228] (-) TimerEvent: {}
[131.302608] (-) TimerEvent: {}
[131.417927] (-) TimerEvent: {}
[131.523367] (explore_lite) StdoutLine: {'line': b'[ 70%] \x1b[32m\x1b[1mLinking CXX static library libgtest.a\x1b[0m\n'}
[131.523778] (-) TimerEvent: {}
[131.635041] (-) TimerEvent: {}
[131.751406] (-) TimerEvent: {}
[131.871469] (-) TimerEvent: {}
[131.988514] (-) TimerEvent: {}
[132.091388] (-) TimerEvent: {}
[132.205772] (-) TimerEvent: {}
[132.321063] (-) TimerEvent: {}
[132.455627] (-) TimerEvent: {}
[132.566330] (-) TimerEvent: {}
[132.671596] (-) TimerEvent: {}
[132.791364] (-) TimerEvent: {}
[132.860332] (explore_lite) StdoutLine: {'line': b'[ 70%] Built target gtest\n'}
[132.904365] (-) TimerEvent: {}
[133.015200] (-) TimerEvent: {}
[133.119876] (-) TimerEvent: {}
[133.229900] (-) TimerEvent: {}
[133.334667] (-) TimerEvent: {}
[133.442922] (-) TimerEvent: {}
[133.561158] (-) TimerEvent: {}
[133.625323] (explore_lite) StdoutLine: {'line': b'[ 80%] \x1b[32mBuilding CXX object CMakeFiles/test_explore.dir/test/test_explore.cpp.o\x1b[0m\n'}
[133.668152] (-) TimerEvent: {}
[133.775614] (-) TimerEvent: {}
[133.887174] (-) TimerEvent: {}
[134.000905] (-) TimerEvent: {}
[134.115055] (-) TimerEvent: {}
[134.227938] (-) TimerEvent: {}
[134.335242] (-) TimerEvent: {}
[134.441604] (-) TimerEvent: {}
[134.550659] (-) TimerEvent: {}
[134.669430] (-) TimerEvent: {}
[134.781566] (-) TimerEvent: {}
[134.891081] (-) TimerEvent: {}
[134.998577] (-) TimerEvent: {}
[135.102701] (-) TimerEvent: {}
[135.216925] (-) TimerEvent: {}
[135.332518] (-) TimerEvent: {}
[135.438245] (-) TimerEvent: {}
[135.556680] (-) TimerEvent: {}
[135.672422] (-) TimerEvent: {}
[135.779001] (-) TimerEvent: {}
[135.894956] (-) TimerEvent: {}
[136.007150] (-) TimerEvent: {}
[136.120588] (-) TimerEvent: {}
[136.243286] (-) TimerEvent: {}
[136.355420] (-) TimerEvent: {}
[136.470264] (-) TimerEvent: {}
[136.602240] (-) TimerEvent: {}
[136.714565] (-) TimerEvent: {}
[136.838176] (-) TimerEvent: {}
[136.956026] (-) TimerEvent: {}
[137.071685] (-) TimerEvent: {}
[137.176160] (-) TimerEvent: {}
[137.308501] (-) TimerEvent: {}
[137.420656] (-) TimerEvent: {}
[137.539560] (-) TimerEvent: {}
[137.653426] (-) TimerEvent: {}
[137.776777] (-) TimerEvent: {}
[137.902066] (-) TimerEvent: {}
[138.023747] (-) TimerEvent: {}
[138.126472] (-) TimerEvent: {}
[138.238656] (-) TimerEvent: {}
[138.355477] (-) TimerEvent: {}
[138.466735] (-) TimerEvent: {}
[138.582233] (-) TimerEvent: {}
[138.689093] (-) TimerEvent: {}
[138.802691] (-) TimerEvent: {}
[138.917830] (-) TimerEvent: {}
[139.019122] (-) TimerEvent: {}
[139.139991] (-) TimerEvent: {}
[139.248395] (-) TimerEvent: {}
[139.360552] (-) TimerEvent: {}
[139.428421] (explore_lite) StdoutLine: {'line': b'[ 90%] \x1b[32m\x1b[1mLinking CXX executable test_explore\x1b[0m\n'}
[139.476965] (-) TimerEvent: {}
[139.594534] (-) TimerEvent: {}
[139.703624] (-) TimerEvent: {}
[139.817848] (-) TimerEvent: {}
[139.956283] (-) TimerEvent: {}
[140.072729] (-) TimerEvent: {}
[140.178738] (-) TimerEvent: {}
[140.290130] (-) TimerEvent: {}
[140.394306] (-) TimerEvent: {}
[140.502391] (-) TimerEvent: {}
[140.618937] (-) TimerEvent: {}
[140.719180] (explore_lite) StdoutLine: {'line': b'[ 90%] Built target test_explore\n'}
[140.719622] (-) TimerEvent: {}
[140.838627] (-) TimerEvent: {}
[140.958663] (-) TimerEvent: {}
[141.072617] (-) TimerEvent: {}
[141.209400] (-) TimerEvent: {}
[141.315708] (-) TimerEvent: {}
[141.418761] (-) TimerEvent: {}
[141.536709] (-) TimerEvent: {}
[141.657853] (-) TimerEvent: {}
[141.774606] (-) TimerEvent: {}
[141.897044] (-) TimerEvent: {}
[142.009826] (-) TimerEvent: {}
[142.151460] (-) TimerEvent: {}
[142.276330] (-) TimerEvent: {}
[142.389959] (-) TimerEvent: {}
[142.517632] (-) TimerEvent: {}
[142.630594] (-) TimerEvent: {}
[142.755100] (-) TimerEvent: {}
[142.861833] (-) TimerEvent: {}
[142.968104] (-) TimerEvent: {}
[143.072058] (-) TimerEvent: {}
[143.200132] (-) TimerEvent: {}
[143.303999] (-) TimerEvent: {}
[143.411503] (-) TimerEvent: {}
[143.518926] (-) TimerEvent: {}
[143.651908] (-) TimerEvent: {}
[143.767602] (-) TimerEvent: {}
[143.882381] (-) TimerEvent: {}
[143.999336] (-) TimerEvent: {}
[144.107276] (-) TimerEvent: {}
[144.217753] (-) TimerEvent: {}
[144.326791] (-) TimerEvent: {}
[144.430982] (-) TimerEvent: {}
[144.539843] (-) TimerEvent: {}
[144.646434] (-) TimerEvent: {}
[144.752257] (-) TimerEvent: {}
[144.867137] (-) TimerEvent: {}
[144.977343] (-) TimerEvent: {}
[145.091083] (-) TimerEvent: {}
[145.199547] (-) TimerEvent: {}
[145.326390] (-) TimerEvent: {}
[145.439533] (-) TimerEvent: {}
[145.549755] (-) TimerEvent: {}
[145.660499] (-) TimerEvent: {}
[145.773444] (-) TimerEvent: {}
[145.901674] (-) TimerEvent: {}
[146.016793] (-) TimerEvent: {}
[146.133351] (-) TimerEvent: {}
[146.238436] (-) TimerEvent: {}
[146.354188] (-) TimerEvent: {}
[146.467133] (-) TimerEvent: {}
[146.587542] (-) TimerEvent: {}
[146.700247] (-) TimerEvent: {}
[146.823281] (-) TimerEvent: {}
[146.949650] (-) TimerEvent: {}
[147.053313] (-) TimerEvent: {}
[147.167751] (-) TimerEvent: {}
[147.289575] (-) TimerEvent: {}
[147.406985] (-) TimerEvent: {}
[147.523167] (-) TimerEvent: {}
[147.637119] (-) TimerEvent: {}
[147.754776] (-) TimerEvent: {}
[147.872149] (-) TimerEvent: {}
[147.979691] (-) TimerEvent: {}
[148.086597] (-) TimerEvent: {}
[148.211448] (-) TimerEvent: {}
[148.315125] (-) TimerEvent: {}
[148.433987] (-) TimerEvent: {}
[148.583643] (-) TimerEvent: {}
[148.698112] (-) TimerEvent: {}
[148.810827] (-) TimerEvent: {}
[148.922188] (-) TimerEvent: {}
[149.038767] (-) TimerEvent: {}
[149.154941] (-) TimerEvent: {}
[149.265502] (-) TimerEvent: {}
[149.376395] (-) TimerEvent: {}
[149.487302] (-) TimerEvent: {}
[149.602592] (-) TimerEvent: {}
[149.706587] (-) TimerEvent: {}
[149.816613] (-) TimerEvent: {}
[149.927306] (-) TimerEvent: {}
[150.033028] (-) TimerEvent: {}
[150.148773] (-) TimerEvent: {}
[150.272948] (-) TimerEvent: {}
[150.393790] (-) TimerEvent: {}
[150.507194] (-) TimerEvent: {}
[150.620059] (-) TimerEvent: {}
[150.741238] (-) TimerEvent: {}
[150.847240] (-) TimerEvent: {}
[150.960732] (-) TimerEvent: {}
[151.073280] (-) TimerEvent: {}
[151.183375] (-) TimerEvent: {}
[151.285255] (-) TimerEvent: {}
[151.401247] (-) TimerEvent: {}
[151.522648] (-) TimerEvent: {}
[151.640156] (-) TimerEvent: {}
[151.754302] (-) TimerEvent: {}
[151.857467] (-) TimerEvent: {}
[151.960647] (-) TimerEvent: {}
[152.075087] (-) TimerEvent: {}
[152.187801] (-) TimerEvent: {}
[152.305149] (-) TimerEvent: {}
[152.420579] (-) TimerEvent: {}
[152.538208] (-) TimerEvent: {}
[152.653054] (-) TimerEvent: {}
[152.775837] (-) TimerEvent: {}
[152.888878] (-) TimerEvent: {}
[153.007354] (-) TimerEvent: {}
[153.115628] (-) TimerEvent: {}
[153.223040] (-) TimerEvent: {}
[153.350086] (-) TimerEvent: {}
[153.451376] (-) TimerEvent: {}
[153.576967] (-) TimerEvent: {}
[153.680239] (-) TimerEvent: {}
[153.788050] (-) TimerEvent: {}
[153.904716] (-) TimerEvent: {}
[154.018392] (-) TimerEvent: {}
[154.133318] (-) TimerEvent: {}
[154.237390] (-) TimerEvent: {}
[154.349380] (-) TimerEvent: {}
[154.469006] (-) TimerEvent: {}
[154.583560] (-) TimerEvent: {}
[154.684565] (-) TimerEvent: {}
[154.785250] (-) TimerEvent: {}
[154.897781] (-) TimerEvent: {}
[155.027278] (-) TimerEvent: {}
[155.130927] (-) TimerEvent: {}
[155.240698] (-) TimerEvent: {}
[155.345375] (-) TimerEvent: {}
[155.452810] (-) TimerEvent: {}
[155.569074] (-) TimerEvent: {}
[155.683906] (-) TimerEvent: {}
[155.790299] (-) TimerEvent: {}
[155.902883] (-) TimerEvent: {}
[156.017310] (-) TimerEvent: {}
[156.123084] (-) TimerEvent: {}
[156.233645] (-) TimerEvent: {}
[156.336314] (-) TimerEvent: {}
[156.456543] (-) TimerEvent: {}
[156.566585] (-) TimerEvent: {}
[156.684568] (-) TimerEvent: {}
[156.799882] (-) TimerEvent: {}
[156.908584] (-) TimerEvent: {}
[157.018731] (-) TimerEvent: {}
[157.138582] (-) TimerEvent: {}
[157.256378] (-) TimerEvent: {}
[157.398339] (-) TimerEvent: {}
[157.500340] (-) TimerEvent: {}
[157.601785] (-) TimerEvent: {}
[157.716239] (-) TimerEvent: {}
[157.818119] (-) TimerEvent: {}
[157.937215] (-) TimerEvent: {}
[158.050600] (-) TimerEvent: {}
[158.169376] (-) TimerEvent: {}
[158.289407] (-) TimerEvent: {}
[158.402856] (-) TimerEvent: {}
[158.534895] (-) TimerEvent: {}
[158.649458] (-) TimerEvent: {}
[158.771245] (-) TimerEvent: {}
[158.884157] (-) TimerEvent: {}
[159.002996] (-) TimerEvent: {}
[159.117268] (-) TimerEvent: {}
[159.241000] (-) TimerEvent: {}
[159.351363] (-) TimerEvent: {}
[159.473608] (-) TimerEvent: {}
[159.589861] (-) TimerEvent: {}
[159.702266] (-) TimerEvent: {}
[159.815951] (-) TimerEvent: {}
[159.918362] (-) TimerEvent: {}
[160.044330] (-) TimerEvent: {}
[160.151906] (-) TimerEvent: {}
[160.284650] (-) TimerEvent: {}
[160.400414] (-) TimerEvent: {}
[160.515983] (-) TimerEvent: {}
[160.630072] (-) TimerEvent: {}
[160.742763] (-) TimerEvent: {}
[160.851620] (-) TimerEvent: {}
[160.968790] (-) TimerEvent: {}
[161.080126] (-) TimerEvent: {}
[161.183760] (-) TimerEvent: {}
[161.300717] (-) TimerEvent: {}
[161.418596] (-) TimerEvent: {}
[161.535757] (-) TimerEvent: {}
[161.649863] (-) TimerEvent: {}
[161.768150] (-) TimerEvent: {}
[161.881906] (-) TimerEvent: {}
[161.987907] (-) TimerEvent: {}
[162.101711] (-) TimerEvent: {}
[162.216952] (-) TimerEvent: {}
[162.338930] (-) TimerEvent: {}
[162.453150] (-) TimerEvent: {}
[162.586458] (-) TimerEvent: {}
[162.700210] (-) TimerEvent: {}
[162.811120] (-) TimerEvent: {}
[162.920858] (-) TimerEvent: {}
[163.036530] (-) TimerEvent: {}
[163.154757] (-) TimerEvent: {}
[163.263192] (-) TimerEvent: {}
[163.378340] (-) TimerEvent: {}
[163.487200] (-) TimerEvent: {}
[163.602435] (-) TimerEvent: {}
[163.719831] (-) TimerEvent: {}
[163.837353] (-) TimerEvent: {}
[163.949351] (-) TimerEvent: {}
[164.053331] (-) TimerEvent: {}
[164.177797] (-) TimerEvent: {}
[164.286450] (-) TimerEvent: {}
[164.400820] (-) TimerEvent: {}
[164.519065] (-) TimerEvent: {}
[164.632339] (-) TimerEvent: {}
[164.747427] (-) TimerEvent: {}
[164.851011] (-) TimerEvent: {}
[164.966040] (-) TimerEvent: {}
[165.067088] (-) TimerEvent: {}
[165.175354] (-) TimerEvent: {}
[165.293525] (-) TimerEvent: {}
[165.405506] (-) TimerEvent: {}
[165.537264] (-) TimerEvent: {}
[165.649858] (-) TimerEvent: {}
[165.774279] (-) TimerEvent: {}
[165.903433] (-) TimerEvent: {}
[166.012579] (-) TimerEvent: {}
[166.134351] (-) TimerEvent: {}
[166.251448] (-) TimerEvent: {}
[166.365019] (-) TimerEvent: {}
[166.494620] (-) TimerEvent: {}
[166.606263] (-) TimerEvent: {}
[166.716451] (-) TimerEvent: {}
[166.821977] (-) TimerEvent: {}
[166.934784] (-) TimerEvent: {}
[167.052164] (-) TimerEvent: {}
[167.166064] (-) TimerEvent: {}
[167.278452] (-) TimerEvent: {}
[167.389585] (-) TimerEvent: {}
[167.503021] (-) TimerEvent: {}
[167.617826] (-) TimerEvent: {}
[167.719393] (-) TimerEvent: {}
[167.842559] (-) TimerEvent: {}
[167.956905] (-) TimerEvent: {}
[168.065548] (-) TimerEvent: {}
[168.175509] (-) TimerEvent: {}
[168.278400] (-) TimerEvent: {}
[168.385512] (-) TimerEvent: {}
[168.502079] (-) TimerEvent: {}
[168.615495] (-) TimerEvent: {}
[168.725467] (-) TimerEvent: {}
[168.833814] (-) TimerEvent: {}
[168.949105] (-) TimerEvent: {}
[169.054758] (-) TimerEvent: {}
[169.163366] (-) TimerEvent: {}
[169.267486] (-) TimerEvent: {}
[169.387134] (-) TimerEvent: {}
[169.499330] (-) TimerEvent: {}
[169.612560] (-) TimerEvent: {}
[169.731831] (-) TimerEvent: {}
[169.862205] (-) TimerEvent: {}
[169.964431] (-) TimerEvent: {}
[170.085595] (-) TimerEvent: {}
[170.200028] (-) TimerEvent: {}
[170.320583] (-) TimerEvent: {}
[170.433869] (-) TimerEvent: {}
[170.571492] (-) TimerEvent: {}
[170.684362] (-) TimerEvent: {}
[170.801899] (-) TimerEvent: {}
[170.915055] (-) TimerEvent: {}
[171.021985] (-) TimerEvent: {}
[171.136169] (-) TimerEvent: {}
[171.251041] (-) TimerEvent: {}
[171.360538] (-) TimerEvent: {}
[171.485208] (-) TimerEvent: {}
[171.598264] (-) TimerEvent: {}
[171.701481] (-) TimerEvent: {}
[171.816943] (-) TimerEvent: {}
[171.935373] (-) TimerEvent: {}
[172.054221] (-) TimerEvent: {}
[172.167694] (-) TimerEvent: {}
[172.279672] (-) TimerEvent: {}
[172.382183] (-) TimerEvent: {}
[172.506885] (-) TimerEvent: {}
[172.623302] (-) TimerEvent: {}
[172.733227] (-) TimerEvent: {}
[172.848145] (-) TimerEvent: {}
[172.953121] (-) TimerEvent: {}
[173.071990] (-) TimerEvent: {}
[173.182616] (-) TimerEvent: {}
[173.290922] (-) TimerEvent: {}
[173.397325] (-) TimerEvent: {}
[173.504064] (-) TimerEvent: {}
[173.616043] (-) TimerEvent: {}
[173.732511] (-) TimerEvent: {}
[173.844412] (-) TimerEvent: {}
[173.951761] (-) TimerEvent: {}
[174.080065] (-) TimerEvent: {}
[174.185388] (-) TimerEvent: {}
[174.302849] (-) TimerEvent: {}
[174.415386] (-) TimerEvent: {}
[174.517239] (-) TimerEvent: {}
[174.632586] (-) TimerEvent: {}
[174.779090] (-) TimerEvent: {}
[174.882594] (-) TimerEvent: {}
[174.995104] (-) TimerEvent: {}
[175.099055] (-) TimerEvent: {}
[175.216804] (-) TimerEvent: {}
[175.325218] (-) TimerEvent: {}
[175.431640] (-) TimerEvent: {}
[175.535352] (-) TimerEvent: {}
[175.648772] (-) TimerEvent: {}
[175.767141] (-) TimerEvent: {}
[175.882000] (-) TimerEvent: {}
[176.004285] (-) TimerEvent: {}
[176.114973] (-) TimerEvent: {}
[176.215608] (-) TimerEvent: {}
[176.331799] (-) TimerEvent: {}
[176.448496] (-) TimerEvent: {}
[176.550914] (-) TimerEvent: {}
[176.666415] (-) TimerEvent: {}
[176.784841] (-) TimerEvent: {}
[176.900414] (-) TimerEvent: {}
[177.015615] (-) TimerEvent: {}
[177.117017] (-) TimerEvent: {}
[177.229497] (-) TimerEvent: {}
[177.332315] (-) TimerEvent: {}
[177.440945] (-) TimerEvent: {}
[177.551038] (-) TimerEvent: {}
[177.681475] (-) TimerEvent: {}
[177.804535] (-) TimerEvent: {}
[177.915373] (-) TimerEvent: {}
[178.034060] (-) TimerEvent: {}
[178.148063] (-) TimerEvent: {}
[178.254357] (-) TimerEvent: {}
[178.364010] (-) TimerEvent: {}
[178.471598] (-) TimerEvent: {}
[178.578028] (-) TimerEvent: {}
[178.682655] (-) TimerEvent: {}
[178.794846] (-) TimerEvent: {}
[178.916016] (-) TimerEvent: {}
[179.030960] (-) TimerEvent: {}
[179.132120] (-) TimerEvent: {}
[179.247994] (-) TimerEvent: {}
[179.311170] (multirobot_map_merge) StdoutLine: {'line': b'[100%] \x1b[32m\x1b[1mLinking CXX executable map_merge\x1b[0m\n'}
[179.350359] (-) TimerEvent: {}
[179.465168] (-) TimerEvent: {}
[179.582907] (-) TimerEvent: {}
[179.696899] (-) TimerEvent: {}
[179.799222] (-) TimerEvent: {}
[179.932535] (-) TimerEvent: {}
[180.035437] (-) TimerEvent: {}
[180.149234] (-) TimerEvent: {}
[180.264919] (-) TimerEvent: {}
[180.366215] (-) TimerEvent: {}
[180.484456] (-) TimerEvent: {}
[180.619093] (-) TimerEvent: {}
[180.732015] (-) TimerEvent: {}
[180.852538] (-) TimerEvent: {}
[180.977948] (-) TimerEvent: {}
[181.088733] (-) TimerEvent: {}
[181.198025] (-) TimerEvent: {}
[181.300867] (-) TimerEvent: {}
[181.414856] (-) TimerEvent: {}
[181.530274] (-) TimerEvent: {}
[181.632743] (-) TimerEvent: {}
[181.752240] (-) TimerEvent: {}
[181.869034] (-) TimerEvent: {}
[181.980735] (-) TimerEvent: {}
[182.088087] (-) TimerEvent: {}
[182.203750] (-) TimerEvent: {}
[182.319475] (-) TimerEvent: {}
[182.433273] (-) TimerEvent: {}
[182.548104] (-) TimerEvent: {}
[182.649922] (-) TimerEvent: {}
[182.766959] (-) TimerEvent: {}
[182.882645] (-) TimerEvent: {}
[182.995151] (-) TimerEvent: {}
[183.110205] (-) TimerEvent: {}
[183.219164] (-) TimerEvent: {}
[183.331387] (-) TimerEvent: {}
[183.449594] (-) TimerEvent: {}
[183.564274] (-) TimerEvent: {}
[183.683013] (-) TimerEvent: {}
[183.796701] (-) TimerEvent: {}
[183.905430] (-) TimerEvent: {}
[183.917269] (explore_lite) StdoutLine: {'line': b'[100%] \x1b[32m\x1b[1mLinking CXX executable explore\x1b[0m\n'}
[184.014274] (-) TimerEvent: {}
[184.115176] (-) TimerEvent: {}
[184.240684] (-) TimerEvent: {}
[184.350370] (-) TimerEvent: {}
[184.455487] (multirobot_map_merge) StdoutLine: {'line': b'[100%] Built target map_merge\n'}
[184.455940] (-) TimerEvent: {}
[184.567584] (-) TimerEvent: {}
[184.657347] (multirobot_map_merge) CommandEnded: {'returncode': 0}
[184.658079] (multirobot_map_merge) JobProgress: {'identifier': 'multirobot_map_merge', 'progress': 'install'}
[184.658172] (multirobot_map_merge) Command: {'cmd': ['/usr/bin/cmake', '--install', '/home/paola/proyecto_robot/build/multirobot_map_merge'], 'cwd': '/home/paola/proyecto_robot/build/multirobot_map_merge', 'env': OrderedDict({'PYTHON_BASIC_REPL': '1', 'LESSOPEN': '| /usr/bin/lesspipe %s', 'GZ_SIM_RESOURCE_PATH': '/opt/ros/jazzy/share', 'USER': 'paola', 'GZ_CONFIG_PATH': '/opt/ros/jazzy/opt/gz_sim_vendor/share/gz:/opt/ros/jazzy/opt/sdformat_vendor/share/gz:/opt/ros/jazzy/opt/gz_gui_vendor/share/gz:/opt/ros/jazzy/opt/gz_transport_vendor/share/gz:/opt/ros/jazzy/opt/gz_rendering_vendor/share/gz:/opt/ros/jazzy/opt/gz_plugin_vendor/share/gz:/opt/ros/jazzy/opt/gz_fuel_tools_vendor/share/gz:/opt/ros/jazzy/opt/gz_msgs_vendor/share/gz:/opt/ros/jazzy/opt/gz_common_vendor/share/gz', 'GIT_ASKPASS': '/home/paola/.vscode-server/bin/e4c7e7b1d6d060162f4aa7f8225271b67ce1df75/extensions/git/dist/askpass.sh', 'SHLVL': '1', 'LD_LIBRARY_PATH': '/opt/ros/jazzy/opt/gz_sim_vendor/lib:/opt/ros/jazzy/opt/gz_sensors_vendor/lib:/opt/ros/jazzy/opt/gz_physics_vendor/lib:/opt/ros/jazzy/opt/sdformat_vendor/lib:/opt/ros/jazzy/opt/rviz_ogre_vendor/lib:/opt/ros/jazzy/lib/x86_64-linux-gnu:/opt/ros/jazzy/opt/gz_gui_vendor/lib:/opt/ros/jazzy/opt/gz_transport_vendor/lib:/opt/ros/jazzy/opt/gz_rendering_vendor/lib:/opt/ros/jazzy/opt/gz_plugin_vendor/lib:/opt/ros/jazzy/opt/gz_fuel_tools_vendor/lib:/opt/ros/jazzy/opt/gz_msgs_vendor/lib:/opt/ros/jazzy/opt/gz_common_vendor/lib:/opt/ros/jazzy/opt/gz_math_vendor/lib:/opt/ros/jazzy/opt/gz_utils_vendor/lib:/opt/ros/jazzy/opt/gz_tools_vendor/lib:/opt/ros/jazzy/opt/gz_ogre_next_vendor/lib:/opt/ros/jazzy/opt/gz_dartsim_vendor/lib:/opt/ros/jazzy/opt/gz_cmake_vendor/lib:/opt/ros/jazzy/lib', 'HOME': '/home/paola', 'OLDPWD': '/home/paola/proyecto_robot', 'TERM_PROGRAM_VERSION': '1.131.0', 'VSCODE_IPC_HOOK_CLI': '/tmp/vscode-ipc-93b7701c-32f0-4318-ac18-55a3babd7074.sock', 'ROS_PYTHON_VERSION': '3', 'VSCODE_GIT_ASKPASS_MAIN': '/home/paola/.vscode-server/bin/e4c7e7b1d6d060162f4aa7f8225271b67ce1df75/extensions/git/dist/askpass-main.js', 'VSCODE_GIT_ASKPASS_NODE': '/home/paola/.vscode-server/bin/e4c7e7b1d6d060162f4aa7f8225271b67ce1df75/node', 'PYDEVD_DISABLE_FILE_VALIDATION': '1', 'BUNDLED_DEBUGPY_PATH': '/home/paola/.vscode-server/extensions/ms-python.debugpy-2026.6.0-linux-x64/bundled/libs/debugpy', 'VSCODE_PYTHON_AUTOACTIVATE_GUARD': '1', 'COLORTERM': 'truecolor', 'WSL_DISTRO_NAME': 'Ubuntu', 'ROS_DISTRO': 'jazzy', 'LOGNAME': 'paola', 'NAME': 'DESKTOP-C9CNUAF', '_': '/usr/bin/colcon', 'ROS_VERSION': '2', 'TERM': 'xterm-256color', 'PATH': '/opt/ros/jazzy/opt/gz_msgs_vendor/bin:/opt/ros/jazzy/opt/gz_tools_vendor/bin:/opt/ros/jazzy/opt/gz_ogre_next_vendor/bin:/opt/ros/jazzy/bin:/home/paola/.vscode-server/data/User/globalStorage/github.copilot-chat/debugCommand:/home/paola/.vscode-server/data/User/globalStorage/github.copilot-chat/copilotCli:/home/paola/.vscode-server/bin/e4c7e7b1d6d060162f4aa7f8225271b67ce1df75/bin/remote-cli:/usr/local/sbin:/usr/local/bin:/usr/sbin:/usr/bin:/sbin:/bin:/usr/games:/usr/local/games:/mnt/c/WINDOWS/system32:/mnt/c/WINDOWS:/mnt/c/WINDOWS/System32/Wbem:/mnt/c/WINDOWS/System32/WindowsPowerShell/v1.0/:/mnt/c/WINDOWS/System32/OpenSSH/:/mnt/c/Program Files/dotnet/:/mnt/c/Program Files (x86)/Windows Kits/10/Windows Performance Toolkit/:/mnt/c/Program Files/MATLAB/R2025b/bin:/mnt/c/Users/uwu/.local/bin:/mnt/c/Users/uwu/AppData/Local/Microsoft/WindowsApps:/mnt/c/Users/uwu/AppData/Local/Programs/Microsoft VS Code/bin:/home/paola/.vscode-server/extensions/ms-python.debugpy-2026.6.0-linux-x64/bundled/scripts/noConfigScripts', 'VSCODE_DEBUGPY_ADAPTER_ENDPOINTS': '/home/paola/.vscode-server/extensions/ms-python.debugpy-2026.6.0-linux-x64/.noConfigDebugAdapterEndpoints/endpoint-79ecb36eaea7da15.txt', 'LANG': 'en_US.UTF-8', 'PYTHONSTARTUP': '/home/paola/.vscode-server/data/User/workspaceStorage/cfd57e8d7c52e8f0bbc862210e679831/ms-python.python/pythonrc.py', 'LS_COLORS': 'rs=0:di=01;34:ln=01;36:mh=00:pi=40;33:so=01;35:do=01;35:bd=40;33;01:cd=40;33;01:or=40;31;01:mi=00:su=37;41:sg=30;43:ca=00:tw=30;42:ow=34;42:st=37;44:ex=01;32:*.tar=01;31:*.tgz=01;31:*.arc=01;31:*.arj=01;31:*.taz=01;31:*.lha=01;31:*.lz4=01;31:*.lzh=01;31:*.lzma=01;31:*.tlz=01;31:*.txz=01;31:*.tzo=01;31:*.t7z=01;31:*.zip=01;31:*.z=01;31:*.dz=01;31:*.gz=01;31:*.lrz=01;31:*.lz=01;31:*.lzo=01;31:*.xz=01;31:*.zst=01;31:*.tzst=01;31:*.bz2=01;31:*.bz=01;31:*.tbz=01;31:*.tbz2=01;31:*.tz=01;31:*.deb=01;31:*.rpm=01;31:*.jar=01;31:*.war=01;31:*.ear=01;31:*.sar=01;31:*.rar=01;31:*.alz=01;31:*.ace=01;31:*.zoo=01;31:*.cpio=01;31:*.7z=01;31:*.rz=01;31:*.cab=01;31:*.wim=01;31:*.swm=01;31:*.dwm=01;31:*.esd=01;31:*.avif=01;35:*.jpg=01;35:*.jpeg=01;35:*.mjpg=01;35:*.mjpeg=01;35:*.gif=01;35:*.bmp=01;35:*.pbm=01;35:*.pgm=01;35:*.ppm=01;35:*.tga=01;35:*.xbm=01;35:*.xpm=01;35:*.tif=01;35:*.tiff=01;35:*.png=01;35:*.svg=01;35:*.svgz=01;35:*.mng=01;35:*.pcx=01;35:*.mov=01;35:*.mpg=01;35:*.mpeg=01;35:*.m2v=01;35:*.mkv=01;35:*.webm=01;35:*.webp=01;35:*.ogm=01;35:*.mp4=01;35:*.m4v=01;35:*.mp4v=01;35:*.vob=01;35:*.qt=01;35:*.nuv=01;35:*.wmv=01;35:*.asf=01;35:*.rm=01;35:*.rmvb=01;35:*.flc=01;35:*.avi=01;35:*.fli=01;35:*.flv=01;35:*.gl=01;35:*.dl=01;35:*.xcf=01;35:*.xwd=01;35:*.yuv=01;35:*.cgm=01;35:*.emf=01;35:*.ogv=01;35:*.ogx=01;35:*.aac=00;36:*.au=00;36:*.flac=00;36:*.m4a=00;36:*.mid=00;36:*.midi=00;36:*.mka=00;36:*.mp3=00;36:*.mpc=00;36:*.ogg=00;36:*.ra=00;36:*.wav=00;36:*.oga=00;36:*.opus=00;36:*.spx=00;36:*.xspf=00;36:*~=00;90:*#=00;90:*.bak=00;90:*.crdownload=00;90:*.dpkg-dist=00;90:*.dpkg-new=00;90:*.dpkg-old=00;90:*.dpkg-tmp=00;90:*.old=00;90:*.orig=00;90:*.part=00;90:*.rej=00;90:*.rpmnew=00;90:*.rpmorig=00;90:*.rpmsave=00;90:*.swp=00;90:*.tmp=00;90:*.ucf-dist=00;90:*.ucf-new=00;90:*.ucf-old=00;90:', 'VSCODE_GIT_IPC_HANDLE': '/tmp/vscode-git-17ae9f2d4c.sock', 'TERM_PROGRAM': 'vscode', 'AMENT_PREFIX_PATH': '/opt/ros/jazzy', 'SHELL': '/bin/bash', 'LESSCLOSE': '/usr/bin/lesspipe %s %s', 'ROS_AUTOMATIC_DISCOVERY_RANGE': 'SUBNET', 'VSCODE_GIT_ASKPASS_EXTRA_ARGS': '', 'PWD': '/home/paola/proyecto_robot/build/multirobot_map_merge', 'COPILOT_DEBUG_NONCE': '1a3bbbcf88475a2624b7b109cb17b954', 'PYTHONPATH': '/opt/ros/jazzy/lib/python3.12/site-packages', 'COLCON': '1', 'HOSTTYPE': 'x86_64', 'CMAKE_PREFIX_PATH': '/opt/ros/jazzy/opt/gz_sim_vendor:/opt/ros/jazzy/opt/gz_sensors_vendor:/opt/ros/jazzy/opt/gz_physics_vendor:/opt/ros/jazzy/opt/sdformat_vendor:/opt/ros/jazzy/opt/gz_gui_vendor:/opt/ros/jazzy/opt/gz_transport_vendor:/opt/ros/jazzy/opt/gz_rendering_vendor:/opt/ros/jazzy/opt/gz_plugin_vendor:/opt/ros/jazzy/opt/gz_fuel_tools_vendor:/opt/ros/jazzy/opt/gz_msgs_vendor:/opt/ros/jazzy/opt/gz_common_vendor:/opt/ros/jazzy/opt/gz_math_vendor:/opt/ros/jazzy/opt/gz_utils_vendor:/opt/ros/jazzy/opt/gz_tools_vendor:/opt/ros/jazzy/opt/gz_ogre_next_vendor:/opt/ros/jazzy/opt/gz_dartsim_vendor:/opt/ros/jazzy/opt/gz_cmake_vendor:/opt/ros/jazzy', 'WSLENV': 'VSCODE_WSL_EXT_LOCATION/up:VSCODE_SERVER_TAR/up'}), 'shell': False}
[184.681554] (-) TimerEvent: {}
[184.782915] (-) TimerEvent: {}
[184.817729] (multirobot_map_merge) StdoutLine: {'line': b'-- Install configuration: ""\n'}
[184.825931] (multirobot_map_merge) StdoutLine: {'line': b'-- Execute custom install script\n'}
[184.826341] (multirobot_map_merge) StdoutLine: {'line': b'-- Symlinking: /home/paola/proyecto_robot/install/multirobot_map_merge/include/map_merge//map_merge.h\n'}
[184.898712] (-) TimerEvent: {}
[185.019342] (-) TimerEvent: {}
[185.027650] (multirobot_map_merge) StdoutLine: {'line': b'-- Symlinking: /home/paola/proyecto_robot/install/multirobot_map_merge/include/map_merge//ros1_names.hpp\n'}
[185.134498] (-) TimerEvent: {}
[185.206470] (multirobot_map_merge) StdoutLine: {'line': b'-- Symlinking: /home/paola/proyecto_robot/install/multirobot_map_merge/share/multirobot_map_merge/launch/from_map_server.launch.py\n'}
[185.243062] (-) TimerEvent: {}
[185.357277] (-) TimerEvent: {}
[185.414354] (multirobot_map_merge) StdoutLine: {'line': b'-- Symlinking: /home/paola/proyecto_robot/install/multirobot_map_merge/share/multirobot_map_merge/launch/map_merge.launch.py\n'}
[185.464230] (-) TimerEvent: {}
[185.566660] (-) TimerEvent: {}
[185.604667] (multirobot_map_merge) StdoutLine: {'line': b'-- Symlinking: /home/paola/proyecto_robot/install/multirobot_map_merge/share/multirobot_map_merge/launch/map_merge.rviz\n'}
[185.699554] (-) TimerEvent: {}
[185.783166] (multirobot_map_merge) StdoutLine: {'line': b'-- Symlinking: /home/paola/proyecto_robot/install/multirobot_map_merge/share/multirobot_map_merge/launch/tb3_simulation/bringup_launch.py\n'}
[185.827009] (-) TimerEvent: {}
[185.935603] (-) TimerEvent: {}
[185.983067] (multirobot_map_merge) StdoutLine: {'line': b'-- Symlinking: /home/paola/proyecto_robot/install/multirobot_map_merge/share/multirobot_map_merge/launch/tb3_simulation/config/nav2_multirobot_params_1.yaml\n'}
[186.057851] (-) TimerEvent: {}
[186.160413] (-) TimerEvent: {}
[186.177125] (multirobot_map_merge) StdoutLine: {'line': b'-- Symlinking: /home/paola/proyecto_robot/install/multirobot_map_merge/share/multirobot_map_merge/launch/tb3_simulation/config/nav2_multirobot_params_2.yaml\n'}
[186.264745] (-) TimerEvent: {}
[186.369709] (-) TimerEvent: {}
[186.376308] (multirobot_map_merge) StdoutLine: {'line': b'-- Symlinking: /home/paola/proyecto_robot/install/multirobot_map_merge/share/multirobot_map_merge/launch/tb3_simulation/multi_tb3_simulation_launch.py\n'}
[186.481015] (-) TimerEvent: {}
[186.581792] (multirobot_map_merge) StdoutLine: {'line': b'-- Symlinking: /home/paola/proyecto_robot/install/multirobot_map_merge/share/multirobot_map_merge/launch/tb3_simulation/slam_toolbox.py\n'}
[186.582363] (-) TimerEvent: {}
[186.692374] (-) TimerEvent: {}
[186.777058] (multirobot_map_merge) StdoutLine: {'line': b'-- Symlinking: /home/paola/proyecto_robot/install/multirobot_map_merge/share/multirobot_map_merge/launch/tb3_simulation/tb3_simulation_launch.py\n'}
[186.798278] (-) TimerEvent: {}
[186.920400] (-) TimerEvent: {}
[186.972892] (multirobot_map_merge) StdoutLine: {'line': b'-- Symlinking: /home/paola/proyecto_robot/install/multirobot_map_merge/share/multirobot_map_merge/launch/tb3_simulation/worlds/world_only.model\n'}
[187.036761] (-) TimerEvent: {}
[187.139660] (multirobot_map_merge) StdoutLine: {'line': b'-- Symlinking: /home/paola/proyecto_robot/install/multirobot_map_merge/share/multirobot_map_merge/config/params.yaml\n'}
[187.140150] (-) TimerEvent: {}
[187.247918] (-) TimerEvent: {}
[187.330967] (multirobot_map_merge) StdoutLine: {'line': b'-- Symlinking: /home/paola/proyecto_robot/install/multirobot_map_merge/lib/multirobot_map_merge/map_merge\n'}
[187.354810] (-) TimerEvent: {}
[187.474283] (-) TimerEvent: {}
[187.571901] (multirobot_map_merge) StdoutLine: {'line': b'-- Symlinking: /home/paola/proyecto_robot/install/multirobot_map_merge/share/multirobot_map_merge/environment/library_path.sh\n'}
[187.583151] (-) TimerEvent: {}
[187.702419] (-) TimerEvent: {}
[187.773842] (multirobot_map_merge) StdoutLine: {'line': b'-- Symlinking: /home/paola/proyecto_robot/install/multirobot_map_merge/share/multirobot_map_merge/environment/library_path.dsv\n'}
[187.812774] (-) TimerEvent: {}
[187.939733] (-) TimerEvent: {}
[188.023882] (multirobot_map_merge) StdoutLine: {'line': b'-- Symlinking: /home/paola/proyecto_robot/install/multirobot_map_merge/share/ament_index/resource_index/package_run_dependencies/multirobot_map_merge\n'}
[188.047218] (-) TimerEvent: {}
[188.151028] (-) TimerEvent: {}
[188.209975] (multirobot_map_merge) StdoutLine: {'line': b'-- Symlinking: /home/paola/proyecto_robot/install/multirobot_map_merge/share/ament_index/resource_index/parent_prefix_path/multirobot_map_merge\n'}
[188.289014] (-) TimerEvent: {}
[188.377511] (multirobot_map_merge) StdoutLine: {'line': b'-- Symlinking: /home/paola/proyecto_robot/install/multirobot_map_merge/share/multirobot_map_merge/environment/ament_prefix_path.sh\n'}
[188.399157] (-) TimerEvent: {}
[188.514518] (-) TimerEvent: {}
[188.588472] (multirobot_map_merge) StdoutLine: {'line': b'-- Symlinking: /home/paola/proyecto_robot/install/multirobot_map_merge/share/multirobot_map_merge/environment/ament_prefix_path.dsv\n'}
[188.617780] (-) TimerEvent: {}
[188.733132] (-) TimerEvent: {}
[188.809193] (multirobot_map_merge) StdoutLine: {'line': b'-- Symlinking: /home/paola/proyecto_robot/install/multirobot_map_merge/share/multirobot_map_merge/environment/path.sh\n'}
[188.850791] (-) TimerEvent: {}
[188.964930] (-) TimerEvent: {}
[188.970067] (multirobot_map_merge) StdoutLine: {'line': b'-- Symlinking: /home/paola/proyecto_robot/install/multirobot_map_merge/share/multirobot_map_merge/environment/path.dsv\n'}
[189.086429] (-) TimerEvent: {}
[189.175116] (multirobot_map_merge) StdoutLine: {'line': b'-- Symlinking: /home/paola/proyecto_robot/install/multirobot_map_merge/share/multirobot_map_merge/local_setup.bash\n'}
[189.200534] (-) TimerEvent: {}
[189.225183] (explore_lite) StdoutLine: {'line': b'[100%] Built target explore\n'}
[189.319801] (-) TimerEvent: {}
[189.370530] (multirobot_map_merge) StdoutLine: {'line': b'-- Symlinking: /home/paola/proyecto_robot/install/multirobot_map_merge/share/multirobot_map_merge/local_setup.sh\n'}
[189.423786] (explore_lite) CommandEnded: {'returncode': 0}
[189.424950] (-) TimerEvent: {}
[189.433344] (explore_lite) JobProgress: {'identifier': 'explore_lite', 'progress': 'install'}
[189.433478] (explore_lite) Command: {'cmd': ['/usr/bin/cmake', '--install', '/home/paola/proyecto_robot/build/explore_lite'], 'cwd': '/home/paola/proyecto_robot/build/explore_lite', 'env': OrderedDict({'PYTHON_BASIC_REPL': '1', 'LESSOPEN': '| /usr/bin/lesspipe %s', 'GZ_SIM_RESOURCE_PATH': '/opt/ros/jazzy/share', 'USER': 'paola', 'GZ_CONFIG_PATH': '/opt/ros/jazzy/opt/gz_sim_vendor/share/gz:/opt/ros/jazzy/opt/sdformat_vendor/share/gz:/opt/ros/jazzy/opt/gz_gui_vendor/share/gz:/opt/ros/jazzy/opt/gz_transport_vendor/share/gz:/opt/ros/jazzy/opt/gz_rendering_vendor/share/gz:/opt/ros/jazzy/opt/gz_plugin_vendor/share/gz:/opt/ros/jazzy/opt/gz_fuel_tools_vendor/share/gz:/opt/ros/jazzy/opt/gz_msgs_vendor/share/gz:/opt/ros/jazzy/opt/gz_common_vendor/share/gz', 'GIT_ASKPASS': '/home/paola/.vscode-server/bin/e4c7e7b1d6d060162f4aa7f8225271b67ce1df75/extensions/git/dist/askpass.sh', 'SHLVL': '1', 'LD_LIBRARY_PATH': '/home/paola/proyecto_robot/install/explore_lite_msgs/lib:/opt/ros/jazzy/opt/gz_sim_vendor/lib:/opt/ros/jazzy/opt/gz_sensors_vendor/lib:/opt/ros/jazzy/opt/gz_physics_vendor/lib:/opt/ros/jazzy/opt/sdformat_vendor/lib:/opt/ros/jazzy/opt/rviz_ogre_vendor/lib:/opt/ros/jazzy/lib/x86_64-linux-gnu:/opt/ros/jazzy/opt/gz_gui_vendor/lib:/opt/ros/jazzy/opt/gz_transport_vendor/lib:/opt/ros/jazzy/opt/gz_rendering_vendor/lib:/opt/ros/jazzy/opt/gz_plugin_vendor/lib:/opt/ros/jazzy/opt/gz_fuel_tools_vendor/lib:/opt/ros/jazzy/opt/gz_msgs_vendor/lib:/opt/ros/jazzy/opt/gz_common_vendor/lib:/opt/ros/jazzy/opt/gz_math_vendor/lib:/opt/ros/jazzy/opt/gz_utils_vendor/lib:/opt/ros/jazzy/opt/gz_tools_vendor/lib:/opt/ros/jazzy/opt/gz_ogre_next_vendor/lib:/opt/ros/jazzy/opt/gz_dartsim_vendor/lib:/opt/ros/jazzy/opt/gz_cmake_vendor/lib:/opt/ros/jazzy/lib', 'HOME': '/home/paola', 'OLDPWD': '/home/paola/proyecto_robot', 'TERM_PROGRAM_VERSION': '1.131.0', 'VSCODE_IPC_HOOK_CLI': '/tmp/vscode-ipc-93b7701c-32f0-4318-ac18-55a3babd7074.sock', 'ROS_PYTHON_VERSION': '3', 'VSCODE_GIT_ASKPASS_MAIN': '/home/paola/.vscode-server/bin/e4c7e7b1d6d060162f4aa7f8225271b67ce1df75/extensions/git/dist/askpass-main.js', 'VSCODE_GIT_ASKPASS_NODE': '/home/paola/.vscode-server/bin/e4c7e7b1d6d060162f4aa7f8225271b67ce1df75/node', 'PYDEVD_DISABLE_FILE_VALIDATION': '1', 'BUNDLED_DEBUGPY_PATH': '/home/paola/.vscode-server/extensions/ms-python.debugpy-2026.6.0-linux-x64/bundled/libs/debugpy', 'VSCODE_PYTHON_AUTOACTIVATE_GUARD': '1', 'COLORTERM': 'truecolor', 'WSL_DISTRO_NAME': 'Ubuntu', 'ROS_DISTRO': 'jazzy', 'LOGNAME': 'paola', 'NAME': 'DESKTOP-C9CNUAF', '_': '/usr/bin/colcon', 'ROS_VERSION': '2', 'TERM': 'xterm-256color', 'PATH': '/opt/ros/jazzy/opt/gz_msgs_vendor/bin:/opt/ros/jazzy/opt/gz_tools_vendor/bin:/opt/ros/jazzy/opt/gz_ogre_next_vendor/bin:/opt/ros/jazzy/bin:/home/paola/.vscode-server/data/User/globalStorage/github.copilot-chat/debugCommand:/home/paola/.vscode-server/data/User/globalStorage/github.copilot-chat/copilotCli:/home/paola/.vscode-server/bin/e4c7e7b1d6d060162f4aa7f8225271b67ce1df75/bin/remote-cli:/usr/local/sbin:/usr/local/bin:/usr/sbin:/usr/bin:/sbin:/bin:/usr/games:/usr/local/games:/mnt/c/WINDOWS/system32:/mnt/c/WINDOWS:/mnt/c/WINDOWS/System32/Wbem:/mnt/c/WINDOWS/System32/WindowsPowerShell/v1.0/:/mnt/c/WINDOWS/System32/OpenSSH/:/mnt/c/Program Files/dotnet/:/mnt/c/Program Files (x86)/Windows Kits/10/Windows Performance Toolkit/:/mnt/c/Program Files/MATLAB/R2025b/bin:/mnt/c/Users/uwu/.local/bin:/mnt/c/Users/uwu/AppData/Local/Microsoft/WindowsApps:/mnt/c/Users/uwu/AppData/Local/Programs/Microsoft VS Code/bin:/home/paola/.vscode-server/extensions/ms-python.debugpy-2026.6.0-linux-x64/bundled/scripts/noConfigScripts', 'VSCODE_DEBUGPY_ADAPTER_ENDPOINTS': '/home/paola/.vscode-server/extensions/ms-python.debugpy-2026.6.0-linux-x64/.noConfigDebugAdapterEndpoints/endpoint-79ecb36eaea7da15.txt', 'LANG': 'en_US.UTF-8', 'PYTHONSTARTUP': '/home/paola/.vscode-server/data/User/workspaceStorage/cfd57e8d7c52e8f0bbc862210e679831/ms-python.python/pythonrc.py', 'LS_COLORS': 'rs=0:di=01;34:ln=01;36:mh=00:pi=40;33:so=01;35:do=01;35:bd=40;33;01:cd=40;33;01:or=40;31;01:mi=00:su=37;41:sg=30;43:ca=00:tw=30;42:ow=34;42:st=37;44:ex=01;32:*.tar=01;31:*.tgz=01;31:*.arc=01;31:*.arj=01;31:*.taz=01;31:*.lha=01;31:*.lz4=01;31:*.lzh=01;31:*.lzma=01;31:*.tlz=01;31:*.txz=01;31:*.tzo=01;31:*.t7z=01;31:*.zip=01;31:*.z=01;31:*.dz=01;31:*.gz=01;31:*.lrz=01;31:*.lz=01;31:*.lzo=01;31:*.xz=01;31:*.zst=01;31:*.tzst=01;31:*.bz2=01;31:*.bz=01;31:*.tbz=01;31:*.tbz2=01;31:*.tz=01;31:*.deb=01;31:*.rpm=01;31:*.jar=01;31:*.war=01;31:*.ear=01;31:*.sar=01;31:*.rar=01;31:*.alz=01;31:*.ace=01;31:*.zoo=01;31:*.cpio=01;31:*.7z=01;31:*.rz=01;31:*.cab=01;31:*.wim=01;31:*.swm=01;31:*.dwm=01;31:*.esd=01;31:*.avif=01;35:*.jpg=01;35:*.jpeg=01;35:*.mjpg=01;35:*.mjpeg=01;35:*.gif=01;35:*.bmp=01;35:*.pbm=01;35:*.pgm=01;35:*.ppm=01;35:*.tga=01;35:*.xbm=01;35:*.xpm=01;35:*.tif=01;35:*.tiff=01;35:*.png=01;35:*.svg=01;35:*.svgz=01;35:*.mng=01;35:*.pcx=01;35:*.mov=01;35:*.mpg=01;35:*.mpeg=01;35:*.m2v=01;35:*.mkv=01;35:*.webm=01;35:*.webp=01;35:*.ogm=01;35:*.mp4=01;35:*.m4v=01;35:*.mp4v=01;35:*.vob=01;35:*.qt=01;35:*.nuv=01;35:*.wmv=01;35:*.asf=01;35:*.rm=01;35:*.rmvb=01;35:*.flc=01;35:*.avi=01;35:*.fli=01;35:*.flv=01;35:*.gl=01;35:*.dl=01;35:*.xcf=01;35:*.xwd=01;35:*.yuv=01;35:*.cgm=01;35:*.emf=01;35:*.ogv=01;35:*.ogx=01;35:*.aac=00;36:*.au=00;36:*.flac=00;36:*.m4a=00;36:*.mid=00;36:*.midi=00;36:*.mka=00;36:*.mp3=00;36:*.mpc=00;36:*.ogg=00;36:*.ra=00;36:*.wav=00;36:*.oga=00;36:*.opus=00;36:*.spx=00;36:*.xspf=00;36:*~=00;90:*#=00;90:*.bak=00;90:*.crdownload=00;90:*.dpkg-dist=00;90:*.dpkg-new=00;90:*.dpkg-old=00;90:*.dpkg-tmp=00;90:*.old=00;90:*.orig=00;90:*.part=00;90:*.rej=00;90:*.rpmnew=00;90:*.rpmorig=00;90:*.rpmsave=00;90:*.swp=00;90:*.tmp=00;90:*.ucf-dist=00;90:*.ucf-new=00;90:*.ucf-old=00;90:', 'VSCODE_GIT_IPC_HANDLE': '/tmp/vscode-git-17ae9f2d4c.sock', 'TERM_PROGRAM': 'vscode', 'AMENT_PREFIX_PATH': '/home/paola/proyecto_robot/install/explore_lite_msgs:/opt/ros/jazzy', 'SHELL': '/bin/bash', 'LESSCLOSE': '/usr/bin/lesspipe %s %s', 'ROS_AUTOMATIC_DISCOVERY_RANGE': 'SUBNET', 'VSCODE_GIT_ASKPASS_EXTRA_ARGS': '', 'PWD': '/home/paola/proyecto_robot/build/explore_lite', 'COPILOT_DEBUG_NONCE': '1a3bbbcf88475a2624b7b109cb17b954', 'PYTHONPATH': '/home/paola/proyecto_robot/install/explore_lite_msgs/lib/python3.12/site-packages:/opt/ros/jazzy/lib/python3.12/site-packages', 'COLCON': '1', 'HOSTTYPE': 'x86_64', 'CMAKE_PREFIX_PATH': '/home/paola/proyecto_robot/install/explore_lite_msgs:/opt/ros/jazzy/opt/gz_sim_vendor:/opt/ros/jazzy/opt/gz_sensors_vendor:/opt/ros/jazzy/opt/gz_physics_vendor:/opt/ros/jazzy/opt/sdformat_vendor:/opt/ros/jazzy/opt/gz_gui_vendor:/opt/ros/jazzy/opt/gz_transport_vendor:/opt/ros/jazzy/opt/gz_rendering_vendor:/opt/ros/jazzy/opt/gz_plugin_vendor:/opt/ros/jazzy/opt/gz_fuel_tools_vendor:/opt/ros/jazzy/opt/gz_msgs_vendor:/opt/ros/jazzy/opt/gz_common_vendor:/opt/ros/jazzy/opt/gz_math_vendor:/opt/ros/jazzy/opt/gz_utils_vendor:/opt/ros/jazzy/opt/gz_tools_vendor:/opt/ros/jazzy/opt/gz_ogre_next_vendor:/opt/ros/jazzy/opt/gz_dartsim_vendor:/opt/ros/jazzy/opt/gz_cmake_vendor:/opt/ros/jazzy', 'WSLENV': 'VSCODE_WSL_EXT_LOCATION/up:VSCODE_SERVER_TAR/up'}), 'shell': False}
[189.531467] (-) TimerEvent: {}
[189.571120] (multirobot_map_merge) StdoutLine: {'line': b'-- Symlinking: /home/paola/proyecto_robot/install/multirobot_map_merge/share/multirobot_map_merge/local_setup.zsh\n'}
[189.600688] (explore_lite) StdoutLine: {'line': b'-- Install configuration: ""\n'}
[189.610296] (explore_lite) StdoutLine: {'line': b'-- Execute custom install script\n'}
[189.617651] (explore_lite) StdoutLine: {'line': b'-- Symlinking: /home/paola/proyecto_robot/install/explore_lite/include/explore//costmap_client.h\n'}
[189.632013] (-) TimerEvent: {}
[189.740021] (multirobot_map_merge) StdoutLine: {'line': b'-- Symlinking: /home/paola/proyecto_robot/install/multirobot_map_merge/share/multirobot_map_merge/local_setup.dsv\n'}
[189.740442] (-) TimerEvent: {}
[189.844251] (explore_lite) StdoutLine: {'line': b'-- Symlinking: /home/paola/proyecto_robot/install/explore_lite/include/explore//costmap_tools.h\n'}
[189.844666] (-) TimerEvent: {}
[189.925047] (multirobot_map_merge) StdoutLine: {'line': b'-- Symlinking: /home/paola/proyecto_robot/install/multirobot_map_merge/share/multirobot_map_merge/package.dsv\n'}
[189.947181] (-) TimerEvent: {}
[190.020164] (explore_lite) StdoutLine: {'line': b'-- Symlinking: /home/paola/proyecto_robot/install/explore_lite/include/explore//explore.h\n'}
[190.048689] (-) TimerEvent: {}
[190.141410] (multirobot_map_merge) StdoutLine: {'line': b'-- Symlinking: /home/paola/proyecto_robot/install/multirobot_map_merge/share/ament_index/resource_index/packages/multirobot_map_merge\n'}
[190.169508] (-) TimerEvent: {}
[190.232491] (explore_lite) StdoutLine: {'line': b'-- Symlinking: /home/paola/proyecto_robot/install/explore_lite/include/explore//frontier_search.h\n'}
[190.292803] (-) TimerEvent: {}
[190.325804] (multirobot_map_merge) StdoutLine: {'line': b'-- Symlinking: /home/paola/proyecto_robot/install/multirobot_map_merge/share/multirobot_map_merge/cmake/ament_cmake_export_include_directories-extras.cmake\n'}
[190.399497] (-) TimerEvent: {}
[190.443893] (explore_lite) StdoutLine: {'line': b'-- Symlinking: /home/paola/proyecto_robot/install/explore_lite/share/explore_lite/config/params.yaml\n'}
[190.509018] (multirobot_map_merge) StdoutLine: {'line': b'-- Symlinking: /home/paola/proyecto_robot/install/multirobot_map_merge/share/multirobot_map_merge/cmake/ament_cmake_export_libraries-extras.cmake\n'}
[190.509451] (-) TimerEvent: {}
[190.614044] (-) TimerEvent: {}
[190.655513] (explore_lite) StdoutLine: {'line': b'-- Symlinking: /home/paola/proyecto_robot/install/explore_lite/share/explore_lite/config/params_costmap.yaml\n'}
[190.687780] (multirobot_map_merge) StdoutLine: {'line': b'-- Symlinking: /home/paola/proyecto_robot/install/multirobot_map_merge/share/multirobot_map_merge/cmake/multirobot_map_mergeConfig.cmake\n'}
[190.716822] (-) TimerEvent: {}
[190.837136] (-) TimerEvent: {}
[190.852003] (explore_lite) StdoutLine: {'line': b'-- Symlinking: /home/paola/proyecto_robot/install/explore_lite/share/explore_lite/launch/explore.launch.py\n'}
[190.867818] (multirobot_map_merge) StdoutLine: {'line': b'-- Symlinking: /home/paola/proyecto_robot/install/multirobot_map_merge/share/multirobot_map_merge/cmake/multirobot_map_mergeConfig-version.cmake\n'}
[190.943700] (-) TimerEvent: {}
[191.047502] (-) TimerEvent: {}
[191.058835] (explore_lite) StdoutLine: {'line': b'-- Symlinking: /home/paola/proyecto_robot/install/explore_lite/lib/explore_lite/explore\n'}
[191.100603] (multirobot_map_merge) StdoutLine: {'line': b'-- Symlinking: /home/paola/proyecto_robot/install/multirobot_map_merge/share/multirobot_map_merge/package.xml\n'}
[191.149084] (-) TimerEvent: {}
[191.237903] (explore_lite) StdoutLine: {'line': b'-- Symlinking: /home/paola/proyecto_robot/install/explore_lite/share/ament_index/resource_index/package_run_dependencies/explore_lite\n'}
[191.264435] (-) TimerEvent: {}
[191.273936] (multirobot_map_merge) StdoutLine: {'line': b'-- Installing: /home/paola/proyecto_robot/install/multirobot_map_merge/lib/libcombine_grids.a\n'}
[191.309853] (multirobot_map_merge) CommandEnded: {'returncode': 0}
[191.390977] (-) TimerEvent: {}
[191.428869] (multirobot_map_merge) JobEnded: {'identifier': 'multirobot_map_merge', 'rc': 0}
[191.449800] (explore_lite) StdoutLine: {'line': b'-- Symlinking: /home/paola/proyecto_robot/install/explore_lite/share/ament_index/resource_index/parent_prefix_path/explore_lite\n'}
[191.496197] (-) TimerEvent: {}
[191.613669] (-) TimerEvent: {}
[191.681006] (explore_lite) StdoutLine: {'line': b'-- Symlinking: /home/paola/proyecto_robot/install/explore_lite/share/explore_lite/environment/ament_prefix_path.sh\n'}
[191.718046] (-) TimerEvent: {}
[191.828958] (-) TimerEvent: {}
[191.854776] (explore_lite) StdoutLine: {'line': b'-- Symlinking: /home/paola/proyecto_robot/install/explore_lite/share/explore_lite/environment/ament_prefix_path.dsv\n'}
[191.946365] (-) TimerEvent: {}
[192.050622] (-) TimerEvent: {}
[192.059273] (explore_lite) StdoutLine: {'line': b'-- Symlinking: /home/paola/proyecto_robot/install/explore_lite/share/explore_lite/environment/path.sh\n'}
[192.166423] (-) TimerEvent: {}
[192.258387] (explore_lite) StdoutLine: {'line': b'-- Symlinking: /home/paola/proyecto_robot/install/explore_lite/share/explore_lite/environment/path.dsv\n'}
[192.284234] (-) TimerEvent: {}
[192.416418] (-) TimerEvent: {}
[192.439530] (explore_lite) StdoutLine: {'line': b'-- Symlinking: /home/paola/proyecto_robot/install/explore_lite/share/explore_lite/local_setup.bash\n'}
[192.530538] (-) TimerEvent: {}
[192.635838] (explore_lite) StdoutLine: {'line': b'-- Symlinking: /home/paola/proyecto_robot/install/explore_lite/share/explore_lite/local_setup.sh\n'}
[192.636319] (-) TimerEvent: {}
[192.757208] (-) TimerEvent: {}
[192.802680] (explore_lite) StdoutLine: {'line': b'-- Symlinking: /home/paola/proyecto_robot/install/explore_lite/share/explore_lite/local_setup.zsh\n'}
[192.874519] (-) TimerEvent: {}
[192.980239] (-) TimerEvent: {}
[192.987437] (explore_lite) StdoutLine: {'line': b'-- Symlinking: /home/paola/proyecto_robot/install/explore_lite/share/explore_lite/local_setup.dsv\n'}
[193.081387] (-) TimerEvent: {}
[193.187052] (explore_lite) StdoutLine: {'line': b'-- Symlinking: /home/paola/proyecto_robot/install/explore_lite/share/explore_lite/package.dsv\n'}
[193.187518] (-) TimerEvent: {}
[193.298343] (-) TimerEvent: {}
[193.399510] (-) TimerEvent: {}
[193.414616] (explore_lite) StdoutLine: {'line': b'-- Symlinking: /home/paola/proyecto_robot/install/explore_lite/share/ament_index/resource_index/packages/explore_lite\n'}
[193.516981] (-) TimerEvent: {}
[193.581827] (explore_lite) StdoutLine: {'line': b'-- Symlinking: /home/paola/proyecto_robot/install/explore_lite/share/explore_lite/cmake/ament_cmake_export_dependencies-extras.cmake\n'}
[193.631056] (-) TimerEvent: {}
[193.745566] (-) TimerEvent: {}
[193.774723] (explore_lite) StdoutLine: {'line': b'-- Symlinking: /home/paola/proyecto_robot/install/explore_lite/share/explore_lite/cmake/ament_cmake_export_include_directories-extras.cmake\n'}
[193.846925] (-) TimerEvent: {}
[193.962761] (-) TimerEvent: {}
[193.973432] (explore_lite) StdoutLine: {'line': b'-- Symlinking: /home/paola/proyecto_robot/install/explore_lite/share/explore_lite/cmake/explore_liteConfig.cmake\n'}
[194.065852] (-) TimerEvent: {}
[194.151029] (explore_lite) StdoutLine: {'line': b'-- Symlinking: /home/paola/proyecto_robot/install/explore_lite/share/explore_lite/cmake/explore_liteConfig-version.cmake\n'}
[194.180285] (-) TimerEvent: {}
[194.292613] (-) TimerEvent: {}
[194.333352] (explore_lite) StdoutLine: {'line': b'-- Symlinking: /home/paola/proyecto_robot/install/explore_lite/share/explore_lite/package.xml\n'}
[194.399365] (-) TimerEvent: {}
[194.513036] (-) TimerEvent: {}
[194.530085] (explore_lite) CommandEnded: {'returncode': 0}
[194.614294] (-) TimerEvent: {}
[194.637167] (explore_lite) JobEnded: {'identifier': 'explore_lite', 'rc': 0}
[194.659245] (-) EventReactorShutdown: {}
